,content,date,like,place,tags,unix,imgUrl
0,"강릉_교동빌라자연을 느낄 수 있는 낭만적인 숙소""교동빌라""'교동빌라'는따뜻하고 다양한 색감의 영국 집을 보고이런 집에 살아보고싶다 라는 생각에서만들어진 공간이에요 :)강릉의 자연을 느끼고 낭만이 있는하루를 보낼 수 있답니다.조용한 주택가에 위치한작은 복층 빌라로사랑하는 사람과의 즐거운 대화가 있는따뜻한 공간이에요 :)취사는 불가하지만 전기포트, 토스터기와작은 냉장고가 준비되어 있어외부 음식을 차려먹을 수 있으며다양한 식기류들도 구비되어 있어요.학교와 조용한 동네 책방이 있는평화로운 골목길에 위치하고 있으며걸어서 3분거리에 편의점이 있어요 :)유럽느낌이 나는 낭만적인 강릉 감성숙소교동빌라에서 분위기있는 하루를 보내보세요.—————————————————🏡'강릉 교동빌라'🚩주소👉강원도 강릉시 정확한 주소는 예약 후 표시📆예약문의👉airbnb.co.kr/rooms/43449323⏰체크인 : PM 15:00⏰체크아웃 : AM 11:00📍가격정보📍비수기 평일 기준 230,000📸Photo by @_nurori_ @shinjinsol_ @yangsora__전국 감성숙소는 #데일리감성강릉 감성숙소는 #데일리감성_강릉강원도로 떠난다면 #데일리감성_강원—————————————————",2021-10-03,20,강릉 교동,"['#데일리감성강릉', '#데일리감성_강릉강원도로', '#데일리감성_강원—————————————————']",1633219200.0,https://scontent-ssn1-1.cdninstagram.com/v/t51.2885-15/e35/244154825_596101781411121_1539779146607306661_n.webp.jpg?_nc_ht=scontent-ssn1-1.cdninstagram.com&_nc_cat=109&_nc_ohc=9JoNz6cM_N4AX9sT6UY&edm=AP_V10EBAAAA&ccb=7-4&oh=e72f5b50bf9de5ce478b649dd9c67617&oe=6161A5C6&_nc_sid=4f375e
1,"전주_숲과생활식물이 주는 작은 위로를 느끼는""숲과생활""'숲과생활'은젊음이 북적이고 예쁜 카페와 맛집이 모여있는전주 다가동 객사에 위치하고 있어요 :)활기가 가득한 그 거리의 끝자락 골목을따라가다 보면 금방 고요해지고오랫동안 동네를 지키고 있는 구옥들이자리를 잡고 있어요.그 속에 한 지붕 아래두 개의 하늘색 대문을 가진숲과생활이 있답니다.두 개의 공간으로 나누어진2인 전용 스테이로 지붕은 공유하지만사이는 담으로 구분되어 있으며각각의 대문을 가지고 있어요.앞뜰과 뒤뜰이 있던 구옥은자연이 주는 편안함을 우리끼리 공유할 수 있도록앞마당과 뒷마당의 이용객을 나누어새로 꾸몄으며 그렇게 재탄생한 공간에서각각 우리만의 작은 숲을 누릴 수 있어요.식물이 주는 위로와 함께 여유롭게 머물며이 곳에서 묵는 이들의 소중한 기억이쌓이기를 바래요 :)—————————————————🏡'전주 숲과생활'🚩주소👉전북 전주시 완산구 전주객사1길 95-18📆예약문의👉www.stayfolio.com/findstay/forest-with-life⏰체크인 : PM 17:00⏰체크아웃 : PM 12:00📍가격정보📍비수기 평일 기준 207,000📸Photo by @y._.njuuu @sunoooo_ @s0.ni전국 감성숙소는 #데일리감성전주 감성숙소는 #데일리감성_전주전라북도로 떠난다면 #데일리감성_전북—————————————————",2021-10-02,27,객리단길,"['#데일리감성전주', '#데일리감성_전주전라북도로', '#데일리감성_전북—————————————————']",1633132800.0,https://scontent-ssn1-1.cdninstagram.com/v/t51.2885-15/e35/244112210_896506397916580_6969381085874752661_n.webp.jpg?_nc_ht=scontent-ssn1-1.cdninstagram.com&_nc_cat=104&_nc_ohc=nWD9SFOJgz8AX-D_i4h&edm=AP_V10EBAAAA&ccb=7-4&oh=f278fd781bfed2c19ceb394b28a9188c&oe=6160B4B0&_nc_sid=4f375e
2,"공주_소소아한옥작고 아름다운 디자인 한옥스테이""소소아한옥""'소소아한옥'은작고 소소한 공주의 한옥숙소로건축가, 디자이너, 큐레이터, 셰프로 이루어진소송 크리에이터들이 바쁜 일상에 지쳐잃어가는 소중한 것들을 되찾을 수 있는공간이 있다면 좋겠다는 생각에만들어진 공간이에요 :)아늑한 한옥을 짓고정성스럽게 고른 음악과 아침식사,좋은 이불을 넉넉히 담아두었어요.단순하지만 아름다운 오브제와 서적들은TV와 휴대폰을 대신하고물기어린 작은 정원은고요한 평온을 가져다줍니다.소소아한옥에 머무는 동안만큼은잊고 지냈던 소소하고 아름다운 것들을가득 담아가시기를 바래요.문을 나서서는 가깝지만 다른 곳,공주의 부드럽고 아늑한 정서를 느껴보세요 :)—————————————————🏡'공주 소소아한옥'🚩주소👉충남 공주시 제민천1길 81-2📆예약문의👉booking.naver.com/booking/3/bizes/167069⏰체크인 : PM 16:00⏰체크아웃 : AM 11:00📍가격정보📍비수기 평일 기준 (1동, 2동) 290,000📸Photo by @eunoiafull @imericasol전국 감성숙소는 #데일리감성공주 감성숙소는 #데일리감성_공주충청남도로 떠난다면 #데일리감성_충남—————————————————",2021-10-01,14,Sosoa Hanok,"['#데일리감성공주', '#데일리감성_공주충청남도로', '#데일리감성_충남—————————————————']",1633046400.0,https://scontent-ssn1-1.cdninstagram.com/v/t51.2885-15/e35/244081270_382947600045493_5986587892706425595_n.webp.jpg?_nc_ht=scontent-ssn1-1.cdninstagram.com&_nc_cat=101&_nc_ohc=OS9popt77XEAX93dU-u&edm=AP_V10EBAAAA&ccb=7-4&oh=08bf0579d7ddc903cee9af4ac3478458&oe=6160F3FB&_nc_sid=4f375e
3,"담양_까망감스테이담양 속 리틀 포레스트""까망감스테이""'까망감스테이'는담양 용면에 위치해 추월산과 담양호를끼고 있는 평화롭고 아름다운 민박이에요 :)전 객실이 숲과 정원을 정면으로 보는 설계로객실 내에서 자연을 온전히 느낄 수 있어요.까망감이란 담양의 토종감인 먹감이검게 물든 모양에서 유래한 이름이며까망감스테이 정원에서 자라고 있는먹감나무 종자들로 먹감의 전통성을 잇고있어요.까망감스테이를 둘러싸고 있는 추월산과 담양호는 안락함을 선사해주며큰 정원, 너른 산, 호수가 있는 이 곳에서근심과 걱정을 비워내보세요 :)넓은 마당과 호수는 평안한 휴식에더없는 환경을 제공합니다.시간의 흐름으로 조경된 정원과숲 안에서 자연을 만끽하며힐링의 시간을 보내보세요.—————————————————🏡'담양 까망감스테이'🚩주소👉전남 담양군 용면 추월산로 900-11📆예약문의👉http://camanggamstay.com/📍까망감스테이1⏰체크인 : PM 15:00⏰체크아웃 : AM 11:00📍까망감스테이2⏰체크인 : PM 18:00⏰체크아웃 : PM 15:00📍가격정보📍비수기 평일 스테이1 기준 200,000📍비수기 평일 스테이2 기준 230,000📸Photo by @hyuni_shot@an_sxxlyxxn @9eo_ni전국 감성숙소는 #데일리감성담양 감성숙소는 #데일리감성_담양 전라남도로 떠난다면 #데일리감성_전남—————————————————",2021-10-01,21,Damyang,"['#데일리감성담양', '#데일리감성_담양', '#데일리감성_전남—————————————————']",1633046400.0,https://scontent-ssn1-1.cdninstagram.com/v/t51.2885-15/e35/244034762_248107777247559_6120883189735138966_n.webp.jpg?_nc_ht=scontent-ssn1-1.cdninstagram.com&_nc_cat=103&_nc_ohc=nv03gAzR2GYAX-zYB7x&edm=AP_V10EBAAAA&ccb=7-4&oh=055dae2d74846c8ee488ca82130bcd65&oe=6162355D&_nc_sid=4f375e
4,"포항_선바우집호미곶 오션뷰 한옥 독채민박""선바우집""'선바우집'은가족단위로 머물기 좋은 넓고 아름다운한옥 독채 숙소로 동해바다가 툇마루에서시원하게 보이는 곳이에요 :)동해임에도 일몰이 참 아름다운 이곳에서선셋은 로맨틱한 선바우집 툇마루에서감상하고 일출은 인근 명소인호미곶광장에서 즐길 수 있어요.선바우집은 선바우길 시작점에 위치하고있으며호미반도 해안둘레길 중 가장 멋진선바우길은 바다 위를 걸어가는듯한산책로가 근사한 곳이랍니다 :)1934년에 지어진 한옥으로약 30년 전에 수리된개량형태의 한옥집이에요.방 두칸, 툇마루, 부엌 겸 다이닝룸과욕실 겸 화장실이 있으며큰방은 두 칸을 튼 꽤 큰방이고작은방은 낮은 평상형 퀸침대로 가득찬아늑한 공간이에요.큰 방에는 빔프로젝터가 있어 넷플릭스 이용이 가능하며반닫이함에는 다양한 보드게임이 있어요.아름다운 동해바다와 호미곶의 일출을보기 좋은 포항 선바우집에서로맨틱한 하루를 보내보세요 :)—————————————————🏡'포항 선바우집'🚩주소👉경북 포항시 남구 동해면👉자세한 주소는 예약 후 표시📆예약문의👉airbnb.co.kr/rooms/47893979⏰체크인 : PM 15:00⏰체크아웃 : AM 11:00📍가격정보📍비수기 평일 기준 240,000📸Photo by @myomee_v @yeonandha전국 감성숙소는 #데일리감성포항 감성숙소는 #데일리감성_포항경상북도로 떠난다면 #데일리감성_경북—————————————————",2021-09-30,34,포항 해안둘레길 선바우,"['#데일리감성포항', '#데일리감성_포항경상북도로', '#데일리감성_경북—————————————————']",1632960000.0,https://scontent-ssn1-1.cdninstagram.com/v/t51.2885-15/e35/243803568_984108035780378_7017906134984313369_n.webp.jpg?_nc_ht=scontent-ssn1-1.cdninstagram.com&_nc_cat=102&_nc_ohc=F-PSAJd-ItMAX_xwh7q&tn=GxWp9HkCHQ_cZ8OY&edm=AP_V10EBAAAA&ccb=7-4&oh=69751a245255180ff859ab63d20139e4&oe=6161E879&_nc_sid=4f375e
5,"제주_비치보이스제주 감성 카라반 숙소""비치보이스""'비치보이스'는제주 애월 곽지해수욕장에메랄드 바다 바로 앞에서감성캠핑을 즐길 수 있는1950~70년대의 빈티지 에어스트림카라반 펜션이에요 :)아침이면 나만의 테크에서 바다를 바라보며요가를 하고 서핑보드를 들고곽지해수욕장에서 서핑을 즐기고선셋을 바라보며 갓내린 따뜻한 커피를즐길 시간이 준비되어 있어요.주변이 모두 돌담으로 둘러싸여 있어프라이빗한 여행을 즐길 수 있어요.공간은 작지만 큰 창문으로바다를 바라보기 좋은 boy21,욕조가 있는 boy25, 여유 있는 공간의 boy31세 타입의 객실 중 선택할 수 있답니다 :)화이트와 우드톤의 깔끔한 인테리어와턴테이블, LP 그리고 대여 가능한서핑보드와 패들보드 등 곽지해수욕장을즐기기에 완벽한 조건을 갖추고 있는 숙소에요.제주 애월 맛집이나 핫플레이스와의접근성도 좋아 근처를 돌아다니기에도 좋아요.레트로한 감성을 듬뿍 느끼게 될유니크한 카라반 펜션에서의하루를 만끽해보세요 :)—————————————————🏡'제주 비치보이스'🚩주소👉제주 제주시 애월읍 금성5길 42-1📆예약문의📆네이버 예약 가능👉www.airbnb.co.kr/rooms/45730869⏰체크인 : PM 15:00⏰체크아웃 : AM 11:00📍가격정보📍비수기 평일 기준 235,000📸Photo by @withddugi @_yoonsook@hye7.7전국 감성숙소는 #데일리감성제주 감성숙소는 #데일리감성_제주—————————————————",2021-09-29,27,제주 애월,"['#데일리감성제주', '#데일리감성_제주—————————————————']",1632873600.0,https://scontent-ssn1-1.cdninstagram.com/v/t51.2885-15/e35/243345730_937170410220584_2374130394091233500_n.jpg?_nc_ht=scontent-ssn1-1.cdninstagram.com&_nc_cat=108&_nc_ohc=vH8HK_AIzJoAX-Px89x&tn=GxWp9HkCHQ_cZ8OY&edm=AP_V10EBAAAA&ccb=7-4&oh=d2a3917323cf9443f8faa7f3a2269373&oe=6161753D&_nc_sid=4f375e
6,"남해_613여관반짝이는 모래와 잔잔한 바다가 기다리는""613여관""'613여관'은개발되지 않은 고요하고 자연스러운풍경이 아름다운 마을인남해 상주리에 위치하고 있어요 :)613여관은 특별할 것 없지만여유롭고 한가로운 휴식 속에서스스로와 만나는 시간이 되길 바래요.따뜻하고 아늑한 느낌의 방과아름다운 풍경을 바라보는 창이 있는기분 좋은 공간은 평범한 풍경에 대한 애착을잔잔한 감수성이 있는 공간을 통해 드러냅니다.객실은 총 일곱개의 방으로모든 방은 아늑한 침실과 응접실,시원하게 열린 욕실과 테라스로 구성되어방 안에만 머물러도 충만하게 휴식할 수 있도록배려하고있어요 :)방마다 소박한 주방이 마련되어 있어서자유롭고 오붓하게 취사와 식사를 할 수 있답니다.가리모쿠, HAY, 허먼 밀러의 오리지널 가구와 소품들,퀄리티 좋은 구스와 코튼 소재의 침구,까다롭게 고른 어메니티 등이 내 집과 같은충실한 만족감을 더해줄거에요.일곱 개의 방이 가진 저마다의 느낌과 경험을둘러보고 상상하는 휴식의 모습에 가장 가까운방을 골라 하루를 보내보세요 :)—————————————————🏡'남해 613여관'🚩주소👉경남 남해군 상주면 남해대로675번길 17📆예약문의👉www.613inn.com/home/⏰체크인 : PM 15:00⏰체크아웃 : AM 11:00📍가격정보📍비수기 평일 기준 200,000📸Photo by @_kimsangmi @chloeeeee_r@minmouse1006전국 감성숙소는 #데일리감성남해 감성숙소는 #데일리감성_남해경상남도로 떠난다면 #데일리감성_경남—————————————————",2021-09-29,23,613여관,"['#데일리감성남해', '#데일리감성_남해경상남도로', '#데일리감성_경남—————————————————']",1632873600.0,https://scontent-ssn1-1.cdninstagram.com/v/t51.2885-15/e35/243327273_878632899740106_2718112935632585760_n.jpg?_nc_ht=scontent-ssn1-1.cdninstagram.com&_nc_cat=106&_nc_ohc=yZs3zQfHJDgAX939fqG&edm=AP_V10EBAAAA&ccb=7-4&oh=60a7a84da9289092d95ddb22895844e5&oe=61606C39&_nc_sid=4f375e
7,"경주_소소정경주 고급 스파 한옥 스테이""소소정""'소소정'은아름다운 우리의 한옥에 호텔식 감성이넘치는 욕실과 스파를 접목시켜다소 춥고 불편했던 한옥을 아늑하고따뜻한 공간으로 재탄생시킨감성 옥캉스 공간이에요 :)가족 또는 연인과 함께 스파를 즐길 수 있도록넓은 욕조를 마련하였으며창문 너머 오죽을 보며 와인도 만끽할 수 있어요.은은한 달빛의 향기가 느껴지는 누마루는소중한 사람과 담소를 나누기에더 없이 제격이며 이곳에서의 추억은영원한 설렘으로 기억될거에요 :)황리단길에서의 감성여행을소소정으로 이어 스파를 하며 피로를 풀고행복한 힐링을 느끼며감성적인 여행을 마무리해보세요 :)—————————————————🏡'경주 소소정'🚩주소👉경북 경주시 사정로 50번길 10📆예약문의👉sosojung2020.modoo.at/⏰체크인 : PM 15:00⏰체크아웃 : AM 11:00📍가격정보📍비수기 평일 본채 기준 230,000📸Photo by @ur_ong_v @8_8sson @s__.__.__o전국 감성숙소는 #데일리감성경주 감성숙소는 #데일리감성_경주경상북도로 떠난다면 #데일리감성_경북—————————————————",2021-09-28,22,경주 황리단길,"['#데일리감성경주', '#데일리감성_경주경상북도로', '#데일리감성_경북—————————————————']",1632787200.0,https://scontent-ssn1-1.cdninstagram.com/v/t51.2885-15/e35/243389459_560317565184598_8568804367637645530_n.webp.jpg?_nc_ht=scontent-ssn1-1.cdninstagram.com&_nc_cat=110&_nc_ohc=H1gftCNcgcIAX_Ctidg&tn=GxWp9HkCHQ_cZ8OY&edm=AP_V10EBAAAA&ccb=7-4&oh=8ca2e5f0fa24c55e3bd6fc6ad2dca158&oe=6160705A&_nc_sid=4f375e
8,"충주_서유숙펜션천천히 머물다 가는 집""서유숙펜션""'서유숙펜션'은충주에 위치하고 있는한옥 펜션으로 많은 분들에게사랑받는 감성 숙소에요 :)서유숙펜션에는 TV가 없는 대신책들이 꽂혀져 있어 TV없이도행복한 시간을 보낼 수 있어요.감성 넘치는 뷰와 함께고즈넉하면서도 따뜻한 분위기에서의하루는 잊지 못할 추억이 될 거에요 :)아름다운 자연 속에서의 힐링은도심 속에서의 스트레스를 풀 수 있어요.이 곳의 하이라이트인 조식은 SNS에서 이미 유명세를 탔으며계절에 따라 가장 좋은 재료로 만들어져요.서유숙펜션은 중학생 이상 입장가능한노키즈존으로 운영되고 있으니 참고해주세요.자연과 어우러져 가을 힐링을 받고 싶다면서유숙 한옥스테이를 방문해보세요 :)—————————————————🏡'충주 서유숙펜션'🚩주소👉충북 충주시 소태면 덕은로 596📆예약문의👉seo8831.penbang.com/mobile/⏰체크인 : PM 15:00⏰체크아웃 : AM 11:00📍가격정보📍비수기 평일 기준 220,000📸Photo by @yeowon_ @s____young @3249.8.3@i_am_danbi전국 감성숙소는 #데일리감성충주 감성숙소는 #데일리감성_충주 충청북도로 떠난다면 #데일리감성_충북—————————————————",2021-09-28,24,서유숙펜션,"['#데일리감성충주', '#데일리감성_충주', '#데일리감성_충북—————————————————']",1632787200.0,https://scontent-ssn1-1.cdninstagram.com/v/t51.2885-15/e35/242976751_215053187284462_7808858966183418335_n.webp.jpg?_nc_ht=scontent-ssn1-1.cdninstagram.com&_nc_cat=110&_nc_ohc=gwNywORQRsIAX-KUNk0&edm=AP_V10EBAAAA&ccb=7-4&oh=3a96527f32722fbb99723726b67369aa&oe=6160FCAA&_nc_sid=4f375e
9,"밀양_석주재프라이빗한 한옥 숙소""석주재""'석주재'는밀양의 프라이빗한 한옥 감성숙소로하루에 2팀만이 예약 가능한독채 숙소여서 조용하게힐링하고 올 수 있는 곳이에요 :)바베큐장이 준비되어 있으며무쇠 솥뚜껑 그리들에가스버너로 준비해주십니다.취사도구는 간단한 조리용으로만준비되어 있으니 참고해주세요.목조주택 특성상 환기 문제로실내에서 냄새가 많이 나는 요리는조리가 불가해요.한옥집의 모든 부분이 깔끔하긴 힘들고재료가 약하기 때문에쉽게 파손되는 경우가 있다는걸이해하고 사용해주세요 :)노천탕은 온수, 냉수 모두 이용 가능하며기름 보일러로 온수를 사용합니다.안전을 위해 cctv가 작동되고 있으니걱정없이 프라이빗하게 사용이 가능해요 :)밀양의 조용한 한옥 숙소에서혼자만의 또는 우리들만의시간을 보내며 추억을 쌓아보세요 :)—————————————————🏡'밀양 석주재'🚩주소👉경남 밀양시 산외면 금곡2길 50📆예약문의👉stoneplay.modoo.at/⏰체크인 : PM 15:00⏰체크아웃 : AM 11:00📍가격정보📍비수기 평일 기준 180,000📸Photo by @co_ew @sonissu @ssun._.9전국 감성숙소는 #데일리감성밀양 감성숙소는 #데일리감성_밀양경상남도로 떠난다면 #데일리감성_경남—————————————————",2021-09-27,22,밀양,"['#데일리감성밀양', '#데일리감성_밀양경상남도로', '#데일리감성_경남—————————————————']",1632700800.0,https://scontent-ssn1-1.cdninstagram.com/v/t51.2885-15/e35/243257468_185101730367238_2470840262540065150_n.webp.jpg?_nc_ht=scontent-ssn1-1.cdninstagram.com&_nc_cat=110&_nc_ohc=1FsD8iSgqioAX_Y_KSQ&edm=AP_V10EBAAAA&ccb=7-4&oh=a6dbfad1f0138d09b1007c091fa9bf34&oe=6160537E&_nc_sid=4f375e
10,"양양_팜11스테이산 속에서의 쉼터""팜11스테이""'팜11스테이'는팜11의 가치관과 지향점이맞는 분들이 농장을 체험하시고하루를 보내기 위한산 속 감성스테이에요 :)화려하지도 않고 편한 인프라가있는 것도 아니지만비워내고 덜어내고 쉬어가는휴식을 위한 공간입니다.산 속에 위치해 있어13세 미만의 아이들은 받지 않는노키즈존으로 운영이 되고있어요.4인룸 1채, 2인룸 2채로총 3채가 운영되고 있으며모두 독채이며 테라스가 있어요.방마다 있는 윈도우 베드에서는비가 올 때는 산 속에서운무가 파도치는 모습을 볼 수 있고눈이 올 땐 침엽수 위에 쌓인 눈과산 너머를 볼 수 있으며밤에는 사진에는 담기지 않는무수한 별들과 운이 좋으면별똥별과 은하수까지 볼 수 있다고해요 :)자연 속에 위치한 팜11스테이에서하늘을 바라보며 자연 그대로의모습을 즐기며 힐링의 시간을 보내보세요.—————————————————🏡'양양 팜11스테이'🚩주소👉강원도 양양군 서면 논화리 44-1📆예약문의👉blog.naver.com/haneulhanuel0320⏰체크인 : PM 16:00⏰체크아웃 : AM 11:00📍가격정보📍비수기 평일 기준 200,000📸Photo by @ming___z__ @minmin__roh전국 감성숙소는 #데일리감성양양 감성숙소는 #데일리감성_양양강원도로 떠난다면 #데일리감성_강원—————————————————",2021-09-27,22,Yangyang,"['#데일리감성양양', '#데일리감성_양양강원도로', '#데일리감성_강원—————————————————']",1632700800.0,https://scontent-ssn1-1.cdninstagram.com/v/t51.2885-15/e35/243377536_442986747160643_1520542993027518566_n.webp.jpg?_nc_ht=scontent-ssn1-1.cdninstagram.com&_nc_cat=111&_nc_ohc=6JLyXLtajoUAX-NHq_b&edm=AP_V10EBAAAA&ccb=7-4&oh=6064528a5086e81f2c5ca05312fceec0&oe=6160B0D1&_nc_sid=4f375e
11,"여수_컴온인동남아 이국적 분위기의 감성 숙소""컴온인""'컴온인'은동남아의 이국적인 분위기를가득 담은 아늑한 공간이에요 :)여수 관광 최적의 자리에 위치하고 있어주요 관광지, 맛집, 카페, 액티비티 등어느 곳으로나 걸어서10분 이내의 최단 거리로 갈 수 있어요.커플여행, 우정여행, 나홀로여행 등어떤 목적으로 이곳으로 떠나도만족스러운 여행이 될 거에요.동남아 여행을 그리워 하며 애정을 담아 준비한 공간인만큼게스트분들에게도 이 마음과 분위기가전해지길 바란다고 하십니다 :)해외여행을 떠나기 어려운 상황에동남아 여행이 그립다면이국적인 분위기를 담은 이 곳에서여러분만의 특별한 아침을 맞이해보세요.늘 같은 분위기의 숙소와는 다른일상의 지루함을 떨쳐버릴 수 있는여수 컴온인에서 힐링의 시간을 보내보세요 :)—————————————————🏡'여수 컴온인'🚩주소👉정확한 위치는 예약 후 알 수 있습니다.📆예약문의👉www.airbnb.co.kr/rooms/47481718⏰체크인 : PM 16:00⏰체크아웃 : PM 12:00📍가격정보📍비수기 평일 2박 기준 240,000📸Photo by @chocochip___girl @kma__kma @yo__nal전국 감성숙소는 #데일리감성여수 감성숙소는 #데일리감성_여수 전라남도로 떠난다면 #데일리감성_전남—————————————————",2021-09-26,21,Yeosu,"['#데일리감성여수', '#데일리감성_여수', '#데일리감성_전남—————————————————']",1632614400.0,https://scontent-ssn1-1.cdninstagram.com/v/t51.2885-15/e35/243069206_1244853602653754_5749445560056991104_n.webp.jpg?_nc_ht=scontent-ssn1-1.cdninstagram.com&_nc_cat=102&_nc_ohc=5BlSXf0HaLwAX8EPGrL&edm=AP_V10EBAAAA&ccb=7-4&oh=3e7bf09c79ce6f141bfdc9515e12535f&oe=6161E0FF&_nc_sid=4f375e
12,"강화_문스톤펜션강화도에서 가장 감성적인 숙소""문스톤펜션""'문스톤펜션'은강화도 동막해수욕장 근처에 위치한깔끔한 신축 감성 숙소로2층은 카페, 3층은 숙소,4층은 바베큐장으로 운영되고 있어요 :)통 유리창이 있어 뷰가 너무 좋으며사진찍기에도 딱 좋은 숙소에요.주차는 펜션 1층에 가능하며한 객실당 2대까지 주차가 가능해요.2층에서 운영하는 카페도매우 예뻐서 따로 카페를 찾지 않아도이 곳에서 여유로운 시간을 보낼 수 있어요.천장이 높아서 복층 오피스텔의느낌이 나는 고급스러운 인테리어로꾸며져있고 침대에 누워 바라보는서해 바다 뷰는 정말 아름다워요 :)강화도에서 가장 감성적인 공간에서바다를 바라보며 힐링의 시간을 가져보세요.—————————————————🏡'강화 문스톤펜션'🚩주소👉인천 강화군 화도면 해안남로 1598-10📆예약문의👉www.instagram.com/moonstone.cafe/⏰체크인 : PM 15:00⏰체크아웃 : AM 11:00📍가격정보📍비수기 평일 기준 130,000📸Photo by @a_dorable_pila @bora.kim.71127@jonmat_.taeng @kang__seonmi전국 감성숙소는 #데일리감성강화 감성숙소는 #데일리감성_강화경기도로 떠난다면 #데일리감성_경기—————————————————",2021-09-26,14,강화도,"['#데일리감성강화', '#데일리감성_강화경기도로', '#데일리감성_경기—————————————————']",1632614400.0,https://scontent-ssn1-1.cdninstagram.com/v/t51.2885-15/e35/242989061_598072048304177_2064672540944263732_n.webp.jpg?_nc_ht=scontent-ssn1-1.cdninstagram.com&_nc_cat=105&_nc_ohc=XcEF5v07KPcAX8h3qqQ&edm=AP_V10EBAAAA&ccb=7-4&oh=0432152d3700d938c8e33bf4e37ed2f7&oe=6160B240&_nc_sid=4f375e
13,"서울_스테이넉넉도심 속 감성적인 한옥 스테이""스테이넉넉""'스테이넉넉'은서울 신설동에 위치한한옥 스테이로 한옥 독채를 통채로 빌려쉬어갈 수 있는 서울 한옥 숙소에요 :)도심 속 숨겨진 한옥의 문을 두드리고들어오는 순간 느리게 흘러가는 시간속에서잠시 머물러 갈 수 있다 라는 의미를 담은서울 한옥 스테이입니다.조용한 한옥 주택가에 위치하고 있으며오래된 한옥을 개조하여 만들어한옥 특유의 선과 여백의 미를 살린전통적인 모습과 현대적인 공간을 함께즐길 수 있도록 디자인되었어요 :)아늑한 중정과 뻥 뚫린 유리창이 있는2개의 침실, 시원하고 넓게 뻗은 마루까지힐링하기에 완벽한 공간이랍니다.도심 속 한옥 감성 숙소에서편안한 휴식을 취하며힐링의 시간을 보내보세요 :)—————————————————🏡'서울 스테이넉넉'🚩주소👉서울시 동대문구 왕산로 5길 13-7📆예약문의👉www.instagram.com/stay_knocknock/⏰체크인 : PM 16:00⏰체크아웃 : AM 11:00📍가격정보📍비수기 평일 기준 약 270,000📸Photo by hongdh__ solsodc0806 @yoonjo__o전국 감성숙소는 서울 감성숙소는 —————————————————",2021-09-25,19,신설동역,[],1632528000.0,https://scontent-ssn1-1.cdninstagram.com/v/t51.2885-15/e35/242728570_449645786358028_2598362323457251425_n.webp.jpg?_nc_ht=scontent-ssn1-1.cdninstagram.com&_nc_cat=104&_nc_ohc=c0aqOjXVsv0AX8Kukuo&edm=AP_V10EBAAAA&ccb=7-4&oh=010a969317859f2af68f41b10e00b090&oe=6161DE7C&_nc_sid=4f375e
14,"춘천_유포리나의집춘천 한옥 독채 감성숙소""유포리나의집""'유포리나의집'은시골 동네의 좁은 길을따라가다 보면 나오는 춘천의 감성숙소로리틀포레스트를 연상케하는고요하고 감성적인 공간이에요 :)한옥건물과 마당이 매우 넓고특 트인 산뷰와 숲속 뷰를 보고 있으면답답한 마음이 트인답니다.마루에 누워서 풀벌레 소리를 듣고있으면힐링 그 자체가 따로없고포토스팟이 굉장히 많아숙소내에서 사진찍기 놀기에도 좋아요.실내는 한옥 인테리어로고즈넉하고 아늑한 느낌이 들며한옥 숙소에 딱 맞는인테리어 소품들이 곳곳에 배치되어 있어더욱 아늑한 느낌을 받을 수 있어요 :)넓은 마루와 마당에서시원한 바람을 맞으며 휴식을 취해보세요.—————————————————🏡'춘천 유포리나의집'🚩주소👉강원도 춘천시 신북읍 맥국4길 38📆예약문의👉카카오채널 유포리나의집⏰체크인 : PM 15:00⏰체크아웃 : AM 11:00📍가격정보📍비수기 평일 2인 기준 200,000📸Photo by @kiimsom @downlog_@hn_______jxxng전국 감성숙소는 #데일리감성춘천 감성숙소는 #데일리감성_춘천강원도로 떠난다면 #데일리감성_강원—————————————————",2021-09-25,18,춘천,"['#데일리감성춘천', '#데일리감성_춘천강원도로', '#데일리감성_강원—————————————————']",1632528000.0,https://scontent-ssn1-1.cdninstagram.com/v/t51.2885-15/e35/242989206_915712072675744_5574557770175152174_n.webp.jpg?_nc_ht=scontent-ssn1-1.cdninstagram.com&_nc_cat=104&_nc_ohc=BsY32h3KMocAX9ezD7B&edm=AP_V10EBAAAA&ccb=7-4&oh=0c3ec7f0181d57de0fd99b698824bc8d&oe=6161611B&_nc_sid=4f375e
15,"제주_고등어민박제주 동쪽 로맨틱한 감성 숙소""고등어민박""'고등어민박'은제주에서 가장 푸른 빛의 바다를 볼 수 있는제주 북동쪽의 조용한 바닷가 마을한동리에 터를 잡고 있어요 :)고등어회를 처음 먹었을 때질리지 않는 고급스러운 맛,제주 특유의 맛을 느낀 기억으로지은 이름이라고해요.두개의 2인실로 이루어져있으며모든 객실의 구조와 크기가 동일합니다.아늑한 휴식을 위해 침실은 복층으로분리되어 있으며 내부는 차분한 컬러와최소한의 소품들로 채워져있어요.모든 객실의 창을 통해바다가 한 눈에 보이며맑은 날에는 침실에서 저 멀리한라산이 보이기도 해요 :)제주 동쪽 해안 지역의 숨은 명소인한동리에 위치한 고등어민박에서석양을 배경으로 한적한 해변을 산책하거나음악과 함께 책을 읽으며여유로운 힐링의 시간을 보내보세요 :)—————————————————🏡'제주 고등어민박'🚩주소👉제주 제주시 구좌읍 해맞이해안로 1026📆예약문의👉blog.naver.com/stay_mackerel⏰체크인 : PM 16:00⏰체크아웃 : AM 10:30📍가격정보📍비수기 평일 2인 기준 150,000📸Photo by @pm13.29 @complete_long_@chan_aaaaaaaaa전국 감성숙소는 #데일리감성제주 감성숙소는 #데일리감성_제주—————————————————",2021-09-24,13,고등어민박,"['#데일리감성제주', '#데일리감성_제주—————————————————']",1632441600.0,https://scontent-ssn1-1.cdninstagram.com/v/t51.2885-15/e35/242918422_145567054382297_1010966273333347105_n.webp.jpg?_nc_ht=scontent-ssn1-1.cdninstagram.com&_nc_cat=105&_nc_ohc=8DK28WjAAH4AX9IjMKP&edm=AP_V10EBAAAA&ccb=7-4&oh=48e06fdbf6a49758098f0f02c7d6a8c0&oe=6161C37C&_nc_sid=4f375e
16,"전주_청연전주 감성 독채 한옥스테이""청연""'청연'은전주한옥마을 내에 위치한한옥 독채스테이에요 :)전주 한옥마을 내에서 흔하지 않은층고가 높고 처마가 길게 늘어진독채 한옥숙소에요.대들보를 사용하여 지붕을 높게 쌓아 올렸으며 기존 한옥에 통창을 접목하여개방감을 느낄 수 있도록 공간을 구성했어요.독채 한옥스테이로모든 공간과 시설을 단독으로사용할 수 있으며 한옥 특성상실내 취사는 불가한 점 참고해주세요 :)오후 4시부터 일몰 전까지부엌 통창으로 들어오는 햇빛이매우 아름다우니 간단한 디저트나 저녁을 드시며따스한 햇살을 느껴보세요 :)—————————————————🏡'전주 청연'🚩주소👉전북 전주시 완산구 전주천동로 80-19📆예약문의👉www.airbnb.co.kr/rooms/48385692⏰체크인 : PM 16:00⏰체크아웃 : PM 12:00📍가격정보📍비수기 평일 2인 기준 약 290,000📸Photo by @_byul8전국 감성숙소는 #데일리감성전주 감성숙소는 #데일리감성_전주전라북도로 떠난다면 #데일리감성_전북—————————————————",2021-09-24,15,전주한옥마을,"['#데일리감성전주', '#데일리감성_전주전라북도로', '#데일리감성_전북—————————————————']",1632441600.0,https://scontent-ssn1-1.cdninstagram.com/v/t51.2885-15/e35/242771168_964887364089059_7128297163370078414_n.webp.jpg?_nc_ht=scontent-ssn1-1.cdninstagram.com&_nc_cat=111&_nc_ohc=F6kuOOvajHQAX_LMHPD&edm=AP_V10EBAAAA&ccb=7-4&oh=d63fd08ab2de188cca7a391e9591cd5e&oe=6160BD44&_nc_sid=4f375e
17,핫플레이스 경주!경주에서도 감성가득한 숙소모음전@@이번 여행은 경주어때??1. 신라고택경북 경주시 포석로 1068번길 22-32. 토모노야경북 경주시 감포읍 동해안로 24013. 라궁호텔경북 경주시 엑스포로 55-124. 금성일기경북 경주시 쪽샘길 4-35. 한옥인경북 경주시 포석로 1050번길 196. 스테이인연경북 경주시 첨성로 49번길 24-37. 조히경북 경주시 원효로 213번길 78. 황오감성경북 경주시 임해로 119-69. 황남채경북 경주시 손효자길 7-8전국 감성숙소는 #데일리감성경주 감성숙소는 #데일리감성_경주경상북도 여행은 #데일리감성_경북,2021-09-23,120,경주시(Gyeongju),"['#데일리감성경주', '#데일리감성_경주경상북도', '#데일리감성_경북']",1632355200.0,https://scontent-ssn1-1.cdninstagram.com/v/t51.2885-15/e35/242671372_444606203617171_3260705305308166450_n.webp.jpg?_nc_ht=scontent-ssn1-1.cdninstagram.com&_nc_cat=107&_nc_ohc=cGhLlo9iWQoAX_2LWlJ&edm=AP_V10EBAAAA&ccb=7-4&oh=f30ba7df890c6baad4521bee494ea66f&oe=6161949F&_nc_sid=4f375e
18,"남양주_숲속의 오두막조용한 숲속에서 행복한 하루""숲속의 오두막""'숲속의 오두막'은자연 속에서 여유로운 분위기와고요함을 느낄 수 있는 곳으로캠핑 감성을 느끼고 싶은 분들에게아주 좋은 숙소에요 :)해발고도 400m에 위치한 숲속의 오두막은조용히 힐링하고 오기에 아주 좋은 곳으로화려하고 세련된 인테리어는 아니지만감성적인 오두막집에서 마음 편안한휴식을 취할 수 있어요.한적한 숲 속에서 여유로운 고독을제대로 느낄 수 있는 숲속의 오두막은불멍을 하며 바베큐를 먹고빔 프로젝터로 깜깜한 숲 속에서영화를 즐길수도 있어요 :)객실 밖 작은 테라스에서 숲을 바라보며 커피 한 잔을 마시면모든 걱정이 날아가는 기분이 들어요.숲 내음 가득한 이 곳에서 100% 휴식을 취하며잊지 못할 하루를 지내보세요 :)—————————————————🏡'남양주 숲속의오두막'🚩주소👉경기도 남양주시 오남읍 팔현로 175번길 142-36📆예약문의👉https://cabintrip.modoo.at/⏰체크인 : PM 15:00⏰체크아웃 : AM 11:00📍가격정보📍비수기 평일 2인 기준 약 200,000📸Photo by @asy_shy @dasoonii_전국 감성숙소는 #데일리감성남양주 감성숙소는 #데일리감성_남양주경기도로 떠난다면 #데일리감성_경기—————————————————",2021-09-23,14,Namyangju,"['#데일리감성남양주', '#데일리감성_남양주경기도로', '#데일리감성_경기—————————————————']",1632355200.0,https://scontent-ssn1-1.cdninstagram.com/v/t51.2885-15/e35/242539212_218242193697562_414082488122430921_n.webp.jpg?_nc_ht=scontent-ssn1-1.cdninstagram.com&_nc_cat=110&_nc_ohc=2eMNZRkr408AX--4f9V&edm=AP_V10EBAAAA&ccb=7-4&oh=b31e401ecedf668d87e684f160d87c4d&oe=61613730&_nc_sid=4f375e
19,"하동_올모스트홈스테이내집과 같은 편안한 한옥숙소""올모스트홈스테이""'올모스트홈스테이'는라이프스타일 브랜드 에피그램과 함께지역에서의 삶을 경험할 수 있도록 제안하는 복합공간이에요 :)숙소에서의 단순한 머무름에 멈추지 않고지역의 맛과 멋, 즐거움을지역민들과 함께 만들어 가는 것을목표로 한다고해요.눈부신 풍광이 사계절 내내 아름답게변주하는 땅, 그것을 감상하는 것만으로흩어져있던 마음들이 차분히 모아지며쉼을 얻을 수 있는 곳 하동에내 집과 같은 편안함을 느낄 수 있는올모스트홈 스테이가 있어요 :)최참판댁 한옥숙소를 에피그램의 감성으로새롭게 재탄생 시킨 공간으로모던한 한옥스타일의 독채연하재, 화람재, 일영재, 월영재와 2개의 객실을 지닌 회경재로 나뉘어요.이 곳에서 머무는 동안 자연과 여유로움에 기대어 편히 쉬어보세요 :)—————————————————🏡'하동 올모스트홈스테이'🚩주소👉경상남도 하동군 악양면 평사리길 87📆예약문의👉airbnb.co.kr/users/show/40811017⏰체크인 : PM 15:00⏰체크아웃 : AM 11:00📍가격정보📍비수기 평일 2인 기준 약 150,000📸Photo by @dkala_r전국 감성숙소는 #데일리감성하동 감성숙소는 #데일리감성_하동경상남도로 떠난다면 #데일리감성_경남—————————————————",2021-09-22,19,하동,"['#데일리감성하동', '#데일리감성_하동경상남도로', '#데일리감성_경남—————————————————']",1632268800.0,https://scontent-ssn1-1.cdninstagram.com/v/t51.2885-15/e35/242370771_1172651883144148_2973646779058490032_n.webp.jpg?_nc_ht=scontent-ssn1-1.cdninstagram.com&_nc_cat=104&_nc_ohc=HEZpVKjk6dsAX-NWLZf&edm=AP_V10EBAAAA&ccb=7-4&oh=a3bd1996e1cca158e1903251d4e77c91&oe=6161CD82&_nc_sid=4f375e
20,"경주_금성일기세월이 담긴 한옥에서 추억의 일기를 쓰다""금성일기""'금성일기'는신라 천년의 고도 경주첨성대에서 도보로 5분도 안걸리는 곳에금성일기는 위치하고있어요 :)전통과 현대의 적절한 조화를 위해건축가인 호스트가 고심하여 직접 고쳐재탄생된 공간으로 안채와 사랑채를 중심으로분리된 4개의 객실로 구성되어있어요.한옥의 취약점인 단열과 방음을최대한 극복하고자 설계를 하였으며감성적이고 따뜻한 공간과 욕실이한옥의 불편함을 덜어내줍니다 :)오전에는 따뜻한 햇살이,오후에는 귀뚜라미 소리와 함께또 다른 한옥의 멋을 느낄 수 있으며라운지에서는 와인과 커피를 즐길 수 있어요.금성일기만의 특별한 조식을 맛보며좋은 추억을 일기에 담아 간직하고아름다운 기억을 새겨보세요 :)—————————————————🏡'경주 금성일기'🚩주소👉경상북도 경주시 쪽샘길 4-3📆예약문의👉geumseongdiary.modoo.at/⏰체크인 : PM 16:00⏰체크아웃 : PM 12:00📍가격정보📍비수기 평일 2인 기준 약 150,000📸Photo by @min__zi_ @tokyo990master 전국 감성숙소는 #데일리감성경주 감성숙소는 #데일리감성_경주경상북도로 떠난다면 #데일리감성_경북—————————————————",2021-09-22,16,경주시(Gyeongju),"['#데일리감성경주', '#데일리감성_경주경상북도로', '#데일리감성_경북—————————————————']",1632268800.0,https://scontent-ssn1-1.cdninstagram.com/v/t51.2885-15/e35/242542242_237118098297411_2421823490200467107_n.webp.jpg?_nc_ht=scontent-ssn1-1.cdninstagram.com&_nc_cat=103&_nc_ohc=b1lZ3VphQAYAX93t2ub&edm=AP_V10EBAAAA&ccb=7-4&oh=0837443ed9f01e6a13a6ad71c466d9c3&oe=616126BA&_nc_sid=4f375e
21,"거제_갈곶힐링하기 좋은 예쁜 독채 펜션""갈곶""'갈곶'은거제 8경 바람의 언덕이 시원하게 보이고별 그대 촬영지인 동백숲이 품고 있는예쁜 감성 펜션이에요 :)내부에서 바람의 언덕 풍차가통창으로 한 눈에 보이며전체 리모델링을 통해모던하고 깔끔하게 완성되었어요.전용주차장이 마련되어 있어차를 가지고 가시는 분들은편하게 주차할 수 있답니다.실내 인테리어가 온통 나무로 되어 있어감성적인 느낌이 들며중정이 있어 개방감 또한 느낄 수 있어요.건물은 1층과 2층, 3층 루프탑으로이루어져있고 독채 펜션이라프라이빗한 사용이 가능해요 :)침대에 누워 통창을 통해바람의 언덕을 바라보며편안한 휴식을 취해보세요 :)—————————————————🏡'거제 갈곶'🚩주소👉경상남도 거제시 도장포 2길 7-2📆예약문의👉airbnb.co.kr/rooms/50292776⏰체크인 : PM 16:00⏰체크아웃 : PM 12:00📍가격정보📍비수기 평일 2인 기준 약 230,000📸Photo by @sss_a.91 @yo__nal전국 감성숙소는 #데일리감성거제 감성숙소는 #데일리감성_거제경상남도로 떠난다면 #데일리감성_경남—————————————————",2021-09-21,24,바람의 언덕,"['#데일리감성거제', '#데일리감성_거제경상남도로', '#데일리감성_경남—————————————————']",1632182400.0,https://scontent-ssn1-1.cdninstagram.com/v/t51.2885-15/e35/242293901_1016369889123665_3276224726037928121_n.webp.jpg?_nc_ht=scontent-ssn1-1.cdninstagram.com&_nc_cat=105&_nc_ohc=_Gdp7RT1RtQAX-3fHeM&tn=GxWp9HkCHQ_cZ8OY&edm=AP_V10EBAAAA&ccb=7-4&oh=02fe11767f421ff35002da0c060e42ec&oe=616190FC&_nc_sid=4f375e
22,"서울_갖가지북스테이책과 함께하는 감각적인 공간""갖가지북스테이""'갖가지북스테이'는남산 아래 해방촌에 위치한감성적인 공간으로책을 좋아하는 사람이라면누구나 만족할만한 감성숙소에요 :)북캉스를 계획하는 분이라면더할 나위 없이 좋은 숙소이며시원한 바람을 맞으며침대에 누워 책을 읽는 것만으로힐링을 느낄 수 있어요 :)차분한 느낌을 가진 공간으로읽을거리와 차, 커피가 준비되어 있어요.화려하지는 않지만 감각적인 소품들이가득채우고 있으며 원룸형임에도2명이서 지내기에는 딱 좋은 숙소에요.커튼과 침대, 벽 색상, 거울 등모든 소품이 잘 어우러져감각적인 공간이 완성되었답니다 :)—————————————————🏡'서울 갖가지북스테이'🚩주소👉정확한 위치는 예약 완료 후 표시됩니다.📆예약문의👉airbnb.co.kr/rooms/36052405⏰체크인 : PM 15:00⏰체크아웃 : AM 11:00📍가격정보📍비수기 평일 2인 기준 약 60,000📸Photo by @_miestrella @reummmy_ @xxhcnue_전국 감성숙소는 #데일리감성서울 감성숙소는 #데일리감성_서울—————————————————",2021-09-21,17,이태원,"['#데일리감성서울', '#데일리감성_서울—————————————————']",1632182400.0,https://scontent-ssn1-1.cdninstagram.com/v/t51.2885-15/e35/242228923_274622487839792_9156854397577231084_n.jpg?_nc_ht=scontent-ssn1-1.cdninstagram.com&_nc_cat=108&_nc_ohc=pUrJ7Gnz46EAX-kc8mD&edm=AP_V10EBAAAA&ccb=7-4&oh=3a9cd0dcbbdb137e958f8e1683b4d132&oe=6160D620&_nc_sid=4f375e
23,"강릉_오붓한강릉소나무 숲과 바다가 만나는 공간""오붓한강릉""'오붓한강릉'은강릉 사천해변 앞소나무 숲과 바다가 만나는공간에 위치한 아름다운 숙소에요 :)강릉 감성숙소 중에서도가성비가 좋은 곳이며실내는 화이트 인테리어로 꾸며져있어깔끔한 느낌을 더해주어요.실내에서 보이는 숲 뷰와건물주위에 들판과 나무들이 있어자연과 어우러지는 감성적인 공간이에요.가까운 위치에 사천해변이 있으니가볍게 산책을 하기에도 좋은 숙소입니다.객실은 1, 2, 3호로 나누어져있으며1, 2호는 2인 기준 최대 3인의15평 트윈베드룸이고미국 아메리슬립 최고급 메모리폼 매트리스를경험해 볼 수 있어요.객실 3호는 2인 기준 최대 4인으로23평 복층형의 룸이며역시 미국 아메리슬립최고급 메모리폼 매트리스를경험할 수 있답니다.자연과 어우러진 오붓한강릉에서여유있는 시간을 보내보세요 :)—————————————————🏡'강릉 오붓한강릉'🚩주소📍강원 강릉시 사천면 가둔지길 24📆예약문의👉www.ovoot.kr/⏰체크인 : PM 15:00⏰체크아웃 : AM 11:00📍가격정보📍비수기 평일 2인 기준 120,000📸Photo by @cozynrest @push_hee_ @zziii__0전국 감성숙소는 #데일리감성강릉 감성숙소는 #데일리감성_강릉강원도로 떠난다면 #데일리감성_강원—————————————————",2021-09-20,13,강릉,"['#데일리감성강릉', '#데일리감성_강릉강원도로', '#데일리감성_강원—————————————————']",1632096000.0,https://scontent-ssn1-1.cdninstagram.com/v/t51.2885-15/e35/242503916_291953449002883_8781333364406728790_n.jpg?_nc_ht=scontent-ssn1-1.cdninstagram.com&_nc_cat=107&_nc_ohc=FI2ynFxgBt0AX9H4I5d&edm=AP_V10EBAAAA&ccb=7-4&oh=16e1f44648685b991011589b2cd97fa5&oe=6161F40B&_nc_sid=4f375e
24,"제주_스테이스며들다감성적인 조용한 게스트하우스""스테이스며들다""'스테이스며들다'는조용하고 한적한 바닷가 마을에 위치한부부가 운영하시는 감성적인제주도 민박집이에요 :)제주 시골마을의 정취가 가득 묻어있는용수리의 오래된 농가주택을사계절을 온전히 겪고 느끼며직접 고치고 다듬고 채운사장님의 애정이 담긴 공간이에요.아침에는 느릿느릿 일어나서바다가 보이는 마을을 산책하고저녁에는 차귀도를 배경삼아아름다운 노을을 감상할 수 있어요.밤에는 게스트라운지에서기분좋게 술을 기울이며음악을 듣거나 책을 읽을 수도 있어요 ;)오롯이 혼자만의 시간을 가지거나다른 게스트분들과의소소한 대화가 어울리는 공간이에요.답답한 도시에서 벗어나조용하고 한적한 용수리의스테이스며들다에서여유로운 시간을 보내보세요 :)—————————————————🏡'제주 스테이스며들다'🚩주소📍제주시 한경면 용수2길 24-4📆예약문의👉blog.naver.com/stay_permeate⏰체크인 : PM 17:00⏰체크아웃 : AM 10:30📍가격정보📍비수기 평일 2인 기준 90,000📸Photo by @so.xxng @sosojeong_kim @u._.joo전국 감성숙소는 #데일리감성제주 감성숙소는 #데일리감성_제주—————————————————",2021-09-19,14,제주도 한경면,"['#데일리감성제주', '#데일리감성_제주—————————————————']",1632009600.0,https://scontent-ssn1-1.cdninstagram.com/v/t51.2885-15/e35/242237256_1037916543704486_7676485801592734099_n.jpg?_nc_ht=scontent-ssn1-1.cdninstagram.com&_nc_cat=102&_nc_ohc=-RIiTv3xTjkAX_1q3_w&edm=AP_V10EBAAAA&ccb=7-4&oh=f6606e6879a6195afd9941752dbc9aa6&oe=616141B6&_nc_sid=4f375e
25,"강릉_영진스테이아름다운 오션뷰를 자랑하는""영진스테이""'영진스테이'는대한민국에서 가장 아름다운 영진해변에자리잡고있는 숙소에요 :)전층이 독층 오션뷰로 운영되고있으며1800사이즈의 대형 침대와최고급 구스 이불, 55인치 삼성 TV,오션뷰 스파 등이 제공되는고급스러운 펜션이에요.1~2층은 카페로 운영되고 있어바다 전망을 감상하며 다양한 종류의 음료와 디저트를 맛볼 수 있어요.높은 수준의 청결도와 위생을 유지하기 위해예약 가능 인원을 성인 2인으로제한하고 있고 추가 인원은 19세 미만의 자녀로만한정하고 있으니 참고해주세요 :)넓은 바다뷰를 자랑하는힐링숙소 영진스테이에서 편안히 휴식을 취해보세요.—————————————————🏡'강릉 영진스테이'🚩주소📍강원 강릉시 연곡면 해안로 1441📆예약문의👉instagram.com/cafe_haelim_youngjin_stay⏰체크인 : PM 15:00⏰체크아웃 : AM 11:00📍가격정보📍비수기 평일 기준 230,000📸Photo by @miso_and_eony @mijin._.kk @ji_su_99전국 감성숙소는 #데일리감성강릉 감성숙소는 #데일리감성_강릉강원도로 떠난다면 #데일리감성_강원—————————————————",2021-09-18,13,강릉 주문진 영진해변,"['#데일리감성강릉', '#데일리감성_강릉강원도로', '#데일리감성_강원—————————————————']",1631923200.0,https://scontent-ssn1-1.cdninstagram.com/v/t51.2885-15/e35/242226090_381515433466048_2878245450059338586_n.jpg?_nc_ht=scontent-ssn1-1.cdninstagram.com&_nc_cat=104&_nc_ohc=gk5lcmZqYi0AX9YeZ5e&edm=AP_V10EBAAAA&ccb=7-4&oh=cc8fe6d9f2ce1b1b45d5301fdd06d0fd&oe=6160EF42&_nc_sid=4f375e
26,"파주_태양스테이깔끔한 디자인이 돋보이는 파주 감성숙소""태양스테이""'태양스테이'는통창 너머로 보이는 나무들의 인사와바람을 타고 들려오는 새들의 노래,오랜 시간 잊고 지낸 낯설지만은 않은 흙향기이 모든 것들을 느낄 수 있어요 :)도심에서 벗어나 감성가득한 이 공간에서소중한 추억을 만들 수 있답니다.태양스테이는 연박시에피크닉 세트를 무료로 대여해주고 있으며실내에 깨질 수 있는 소품들이 많아노키즈, 노펫으로 운영되고 있어요.타운하우스 단지내에 위치한20평 정도 규모의 숙소이며방에는 빔프로젝터와 블루투스 스피커,스탠드, 퀸 사이즈 침대, 스팀다리미, 드라이기,청소기, 옷걸이 등이 모두 구비되어있어요 :)도심에서 가까운 파주 감성숙소에서편안한 휴식을 즐겨보세요.—————————————————🏡'파주 태양스테이'🚩주소📍예약완료 후 표시됩니다.📆예약문의👉airbnb.co.kr/rooms/40067495⏰체크인 : PM 15:00⏰체크아웃 : AM 11:00📍가격정보📍비수기 평일 기준 90,000📸Photo by @likeniiiia @yeah__0705전국 감성숙소는 #데일리감성파주 감성숙소는 #데일리감성_파주경기도로 떠난다면 #데일리감성_경기 —————————————————",2021-09-18,5,태양스테이,"['#데일리감성파주', '#데일리감성_파주경기도로', '#데일리감성_경기']",1631923200.0,https://scontent-ssn1-1.cdninstagram.com/v/t51.2885-15/e35/242129722_408804387429242_3495072047623328654_n.jpg?_nc_ht=scontent-ssn1-1.cdninstagram.com&_nc_cat=102&_nc_ohc=sPTpiOTo_K0AX8cyka6&edm=AP_V10EBAAAA&ccb=7-4&oh=0666cc8e863f336088ef4e9995374a97&oe=61610EDC&_nc_sid=4f375e
27,가을에 가기좋은 푸릇푸릇한 산방산뷰숲뷰 감성숙소 BEST 모음집!@@더 늦기전에 얼른 예약하고 다녀오자!!1.양양 FARM11스테이강원도 양양군 서면 원당골길422.춘천 펜션혜원강원도 춘천시 남산면 홍천강변길 354-23.하동 올모스트홈스테이경남 하동군 악양면 평사리길 874.고성 삼박한집강원도 고성군 토성면 봉포2길 125.밀양 제니의집경남 밀양시 상동면 구곡길 86-16.영월 점숙씨강원도 영월군 영월읍 동강로 642-397.춘천 유유자적강원도 춘천시 서면 경춘로 7688.경주 유온스테이경북 경주시 천북면 천강로 1739.제주 청수리오즈네제주시 한경면 청수동9길 9전국 감성숙소는 #데일리감성 #가을여행 #가을여행지 #감성숙소 #가을숙소 #국내숙소 #감성숙소추천 #숲뷰숙소 #숲속숙소 #팜11 #펜션혜원 #올모스트홈스테이 #삼박한집 #제니의집 #점숙씨 #유유자적 #유온스테이 #청수리오즈네 #강원도숙소추천,2021-09-17,64,가을을 앞에두고,"['#데일리감성', '#가을여행', '#가을여행지', '#감성숙소', '#가을숙소', '#국내숙소', '#감성숙소추천', '#숲뷰숙소', '#숲속숙소', '#팜11', '#펜션혜원', '#올모스트홈스테이', '#삼박한집', '#제니의집', '#점숙씨', '#유유자적', '#유온스테이', '#청수리오즈네', '#강원도숙소추천']",1631836800.0,https://scontent-ssn1-1.cdninstagram.com/v/t51.2885-15/e35/242185593_618675259123850_3866580581945648152_n.jpg?_nc_ht=scontent-ssn1-1.cdninstagram.com&_nc_cat=102&_nc_ohc=vS8eTp5c3joAX8f5UYC&tn=GxWp9HkCHQ_cZ8OY&edm=AP_V10EBAAAA&ccb=7-4&oh=af518d371fb5bb81170d6d9f86b09e22&oe=61612D78&_nc_sid=4f375e
28,"경주_황오감성전통적인 아름다움의 한옥 스테이""황오감성""'황오감성'은2019년 6월에 리모델링한깨긋한 숙소로 주변에분황사, 황룡사지터, 동궁과월지, 박물관 등관광지가 가까이 인접해있어요 :)황리단길도 차로 5분 도보로 30분 정도걸리는 위치에 있어 경주 유명 관광지와맛집, 카페등을 구경하기에 편해요.숙소는 전체적으로 정겨운 민박집 느낌이 들며방은 감성1, 감성2, 감성3 총 3개로이루어져있고 주방이 따로 없어주방을 사용해야한다면공동 시설을 이용해주시면 됩니다.마당에는 평상과 항아리 등 정겨운 소품들이옛 시골집 할머니 댁에 온듯한 느낌을 주어한옥과 옛 감성이 조화를 이루고있어요.저렴한 가격에 한옥 감성을 느낄 수있는경주 황오감성에서 조용한 휴식을 취해보세요 :)—————————————————🏡'경주 황오감성'🚩주소📍경북 경주시 임해로 119-6📆예약문의👉airbnb.co.kr/rooms/36538197⏰체크인 : PM 16:00⏰체크아웃 : AM 11:00📍가격정보📍비수기 평일 기준 50,000📸Photo by @anna_camera2 @srt_our @tour.o_전국 감성숙소는 #데일리감성경주 감성숙소는 #데일리감성_경주경상북도로 떠난다면 #데일리감성_경북—————————————————",2021-09-17,11,경주시(Gyeongju),"['#데일리감성경주', '#데일리감성_경주경상북도로', '#데일리감성_경북—————————————————']",1631836800.0,https://scontent-ssn1-1.cdninstagram.com/v/t51.2885-15/e35/242214190_126619539712879_8603944458426125596_n.jpg?_nc_ht=scontent-ssn1-1.cdninstagram.com&_nc_cat=107&_nc_ohc=JTLO1nrFvjUAX8LDPE-&tn=GxWp9HkCHQ_cZ8OY&edm=AP_V10EBAAAA&ccb=7-4&oh=3222cbbdcc64deb70483a23fed2cf104&oe=6160B224&_nc_sid=4f375e
29,"통영_미스티크일몰이 아름다운 오션뷰 감성숙소""미스티크""'미스티크'는산양일주로 아래 바다와 맞닿은요새 같은 위치에 있어자연이 선사하는 신비로움을느낄 수 있어요 :)작은 도로를 타고 내려오면반전처럼 펼쳐지는 푸른바다와요새 같은 지형과 성벽에 둘러쌓인 듯한건축물의 신비로움 자체를 담았어요.깃발과 문으로 형상화한 이니셜 M은신비로운 세계로 고객님들을초대한다는 의미를 담고 있어요 :)미스티크는 Suite M과 Suite Q 두 객실로운영되는 독채형 숙소이며 Suite M은 최대 4인까지 숙박이 가능하고외부 테라스 및 복층 36평의 넓은 독립공간이고Suite Q는 최대 2인 숙박이 가능한24평의 독립공간이에요.만지-연대 출렁다리와 달아 공원,통영 수산과학관, 욕지도, 박경리 기념관,통영 한려수도조망 케이블카 등관광지와의 거리도 가까운 편이라통영 여행을 마음껏 즐기기에도 좋아요 :)가슴이 탁 트이는 오션뷰 숙소에서답답한 마음을 털어버리고 오세요.—————————————————🏡'통영 미스티크'🚩주소👉경남 통영시 산양읍 산양일주로 1215-52📆예약문의👉www.mystique2016.co.kr/⏰체크인 : PM 15:00⏰체크아웃 : AM 11:00📍가격정보📍비수기 평일 기준 250,000📸Photo by @d_._0on @fall.in.me전국 감성숙소는 #데일리감성통영 감성숙소는 #데일리감성_통영경상남도로 떠난다면 #데일리감성_경남—————————————————",2021-09-16,11,미스티크,"['#데일리감성통영', '#데일리감성_통영경상남도로', '#데일리감성_경남—————————————————']",1631750400.0,https://scontent-ssn1-1.cdninstagram.com/v/t51.2885-15/e35/242054157_891115981825481_5985779676653137066_n.jpg?_nc_ht=scontent-ssn1-1.cdninstagram.com&_nc_cat=105&_nc_ohc=iWdKxD9jX64AX_nqrwK&edm=AP_V10EBAAAA&ccb=7-4&oh=6386b1c96a5018cb15d17c127031760f&oe=61606961&_nc_sid=4f375e
30,"전주_한가로운전주 분위기 좋은 감성숙소""한가로운""'한가로운'은1층인 한가와 2층인 로운으로 이루어져있으며'한가'는 프라이빗한 나만의 공간이에요.유리블럭을 통해 집 안으로 쏟아지는따뜻한 햇살을 느끼며한가로운 기분을 만끽해보세요 :)내부는 따뜻하고 포근한 느낌의베이지 우드톤으로 인테리어 되어있어요.게스트가 사용하는 출입구에연결된 보도나 통로에 조명 시설이 있어밤에도 불편없이 다닐 수 있어요 :)근처에 대형마트가 있으며다양한 숙소 편의시설이 구비되어있어편한 사용이 가능해요.정원마저 매력적인 한가에서힐링의 시간을 보낼 수 있답니다 :)—————————————————🏡'전주 한가로운'🚩주소👉전라북도 전주시 완산구 서신천변9길 2📆예약문의👉airbnb.co.kr/rooms/48706514⏰체크인 : PM 16:00⏰체크아웃 : AM 11:00📍가격정보📍비수기 평일 기준 약 240,000📸Photo by @96.song_ @judy____kim @songej0812전국 감성숙소는 #데일리감성전라북도로 떠난다면 #데일리감성_전북—————————————————",2021-09-16,9,Jeonju,"['#데일리감성전라북도로', '#데일리감성_전북—————————————————']",1631750400.0,https://scontent-ssn1-1.cdninstagram.com/v/t51.2885-15/e35/242058622_847741065927101_6198548871384669205_n.jpg?_nc_ht=scontent-ssn1-1.cdninstagram.com&_nc_cat=105&_nc_ohc=fOx9ZkEhcUcAX_VDQJC&edm=AP_V10EBAAAA&ccb=7-4&oh=4f6dcd8b10a6fb49c2f8818beb020cc0&oe=6161C0A4&_nc_sid=4f375e
31,"경주_스테이인연한옥에 더해진 편리함과 현대적 감각""스테이인연""'스테이인연'은경주의 황리단길은 황남동 포석로 일대의골목길로 1960년대의 낡은 건물들이그대로 보존되어 있어 옛 정취를 느낄 수 있어요 :)황리단길 번화가에서 걸어서 2분 거리에한옥 감성 숙소 스테이인연이 위치하고 있어요.옛 정취를 고스란히 느낄 수 있는카페나 식당을 방문하기에 편리하며근처에 첨성대와 대릉원 등의관광지를 함께 둘러볼 수 있어요 :)객실 내에는 프리미엄 가전인더 프리미어 4K 빔프로젝터와 스피커,스타일러, 모션 침대, 커피머신 등이배치되어있어 다양하고 편리한 경험이 가능해요.모든 객실이 독립적인 구조를 가지고 있으며기존 한옥의 넓은 마당과 공용 공간을 없애고개별 입구와 마당을 만들어서프라이빗한 감성을 선사해주어요 :)—————————————————🏡'경주 스테이인연'🚩주소👉경북 경주시 첨성로49번길 24-3📆예약문의👉stayfolio.com/findstay/stay-inyeon⏰체크인 : PM 16:00⏰체크아웃 : AM 11:00📍가격정보📍비수기 평일 기준 170,000📸Photo by @ddoriny @ggaengsta2 @ujunngg전국 감성숙소는 #데일리감성경주 감성숙소는 #데일리감성_경주경상북도로 떠난다면 #데일리감성_경북—————————————————",2021-09-16,16,경주 황리단길,"['#데일리감성경주', '#데일리감성_경주경상북도로', '#데일리감성_경북—————————————————']",1631750400.0,https://scontent-ssn1-1.cdninstagram.com/v/t51.2885-15/e35/242003611_1196090140902465_1023096985659744036_n.jpg?_nc_ht=scontent-ssn1-1.cdninstagram.com&_nc_cat=109&_nc_ohc=hNczR15FFRgAX-Lv9M4&edm=AP_V10EBAAAA&ccb=7-4&oh=32fe4599d0ac14b086a39c146bcdbc52&oe=6160F93D&_nc_sid=4f375e
32,"제주_하귤당야외 노천탕이 있는 독채 숙소""하귤당""'하귤당'은제주에서도 유난히 따뜻하다는효돈마을 안에 자리한제주 전통가옥구조 안거리 밖거리 형태의독채 감성숙소에요 :)대문 안 올레를 사박사박 걸어 들어가면두 개의 집이 서로 다정히 마주보고 있어요.안거리는 방이 나누어지지 않은 원룸형 구조로열다섯평 남짓한 공간이며평상 위에 퀸매트리스가 있고TV대신 빔프로젝터가 설치되어 있어요.욕실은 하나이며 주방 돌아일랜드 식탁이 있고두 분이 머무르기 가장 좋은 공간이에요 :)밖거리는 침실이 거실 겸 주방과 나누어진 구조로열여섯평 남짓한 공간이며침실에 퀸베드가 하나 있어요.거실에 TV가 설치되어 있고 침실에 있는 빔에는 USB에 콘텐츠를 담아연결하여 시청이 가능해요.욕실은 하나이며 거실 툇마루 책장이 특징이에요 :)제주도 독채 감성숙소 하귤당에서기분 좋은 하루를 보내보세요.—————————————————🏡'제주 하귤당'🚩주소👉제주 서귀포시 신효중앙로 26번길 21📆예약문의👉www.hagyuldang.com/⏰체크인 : PM 16:00⏰체크아웃 : AM 11:00📍가격정보📍비수기 평일 기준 200,000📸Photo by @monreve_hj @seonghee1전국 감성숙소는 #데일리감성제주도로 떠난다면 #데일리감성_제주—————————————————",2021-09-15,14,서귀포,"['#데일리감성제주도로', '#데일리감성_제주—————————————————']",1631664000.0,https://scontent-ssn1-1.cdninstagram.com/v/t51.2885-15/e35/241988312_274549450945553_7412180657132047165_n.jpg?_nc_ht=scontent-ssn1-1.cdninstagram.com&_nc_cat=105&_nc_ohc=Wg3egPIfWf4AX-RCD6i&edm=AP_V10EBAAAA&ccb=7-4&oh=7d4911416ac0ba7f4fe2689942619a70&oe=61623A6C&_nc_sid=4f375e
33,"강릉_온화가소박하고 따뜻한 휴식처""온화가""'온화가'는도시의 답답한 일상에서 벗어나가족과 함께 편안하게 힐링하고싶은작은 소망과 함께전통가옥들이 잘 보존되어 있는조영한 강릉 교동에 위치해있어요 :)옛 가옥의 특징인 천장의 서까래와 외벽을 최대한 살려 오래된 가옥만의 감성을느낄 수 있으며 심플하고 정겨운 외관에서담백함과 고즈넉한 감성이 느껴져요.주목나무를 중심으로 소박한 정원이 이루어져있고그 옆 한편에 자리잡고있는 벤치에서는여유를 즐기며 차와 커피를 마실 수도 있어요 :)다이닝룸에는 스피커와 함께아이패드가 비치되어있고호스트의 취향을 담은 선곡으로기분 좋게 맞이해줍니다. —————————————————🏡'강릉 온화가'🚩주소👉강원도 강릉시 화부산로 18번길 5📆예약문의👉stayfolio.com/findstay/onhwaga⏰체크인 : PM 15:00⏰체크아웃 : AM 11:00📍가격정보📍비수기 평일 기준 270,000📸Photo by @_hyoneee @shinsung_전국 감성숙소는 #데일리감성강릉 감성숙소는 #데일리감성_강릉강원도로 떠난다면 #데일리감성_강원—————————————————",2021-09-15,17,강릉,"['#데일리감성강릉', '#데일리감성_강릉강원도로', '#데일리감성_강원—————————————————']",1631664000.0,https://scontent-ssn1-1.cdninstagram.com/v/t51.2885-15/e35/241872612_604622237374439_1210107715556571680_n.jpg?_nc_ht=scontent-ssn1-1.cdninstagram.com&_nc_cat=111&_nc_ohc=fU9iY9M5pqcAX8UnAVq&edm=AP_V10EBAAAA&ccb=7-4&oh=333dfc0116b69657add4fc632abc60b5&oe=61622390&_nc_sid=4f375e
34,"부안_스테이 변산바람꽃갯벌이 있는 유럽감성의 숙소""스테이 변산바람꽃""'스테이 변산바람꽃'은작고 평화로운 바닷가 포구 마을에 위치한나무로 만든 집이에요 :)하루에 두 번씩 밀물 썰물이첨벙대는 소리가 들릴만큼 바다와 가까우며방 안에서는 동이 트는 모습과노을이 지는 구름의 모습을 볼 수 있어요.숙소를 나와 조금만 걷다보면작당 포구 마을이 있고바로 해변으로 내려갈 수 있어요.드넓은 갯벌은 밀물, 썰물, 시간, 계절에 따라모두 다른 풍경을 연출한답니다.나무 욕조에서는 바다를 바라보며목욜을 할 수 있고 창을 열면 바닷바람이 불며달과 별을 바라보며 잠에 들 수도 있어요 :)시시각각 풍경이 변하는 드넚은 갯벌에서산책하고 탐험하는 즐거움을 누려보세요.—————————————————🏡'부안 스테이 변산바람꽃'🚩주소📍전북 부안군 진서면 작당길 6-7📆예약문의👉https://www.stay-wf.com/⏰체크인 : PM 16:00⏰체크아웃 : AM 11:30📍가격정보📍비수기 평일 기준 약 165,000📸Photo by @haeun_io @imphanyy @tmakdlf1119전국 감성숙소는 #데일리감성부안 감성숙소는 #데일리감성_부안 전라북도로 떠난다면 #데일리감성_전북—————————————————",2021-09-14,16,스테이 변산바람꽃,"['#데일리감성부안', '#데일리감성_부안', '#데일리감성_전북—————————————————']",1631577600.0,https://scontent-ssn1-1.cdninstagram.com/v/t51.2885-15/e35/242110941_252657013406609_2736832799902376690_n.jpg?_nc_ht=scontent-ssn1-1.cdninstagram.com&_nc_cat=105&_nc_ohc=q-rY6kpGEOgAX-ScP2F&edm=AP_V10EBAAAA&ccb=7-4&oh=aea076d572df7e762bc3edfeb3389c04&oe=61611F56&_nc_sid=4f375e
35,"경주_한옥인경주 황리단길 전통 한옥스테이""한옥인""'한옥인'은200여평의 넓은 대지에 최근 신축한 4개동 건물로 이루어진전통호텔급 한옥이에요 :)남측에 고급스럽고 화려한 사주대문북측엔 첨성대로 향하는 옛골목으로 통하는뒷문과 작고 아름다운 협문 등3개의 문이 있어 대릉원이나 황리단길로쉽게 드나들 수 있어요.본채갤러리는 본관으로 사용되며한옥체험실, 감성카페 식당 및 전통다실이 있어다양한 볼거리를 제공해주어요.아름다운 내부공간에서는편안함을 느낄 수 있으며2층에서는 가까이는 황남동 한옥마을들의 파노라마를,멀리는 대릉원, 오릉, 첨성대 등 경주 전체를 조망할 수 있어요 :)아늑한 잔디마당과 넓은 데크에서휴식을 취하며 와편담장과 뒤뜰에서힐링을 즐겨보세요 :)—————————————————🏡'경주 한옥인'🚩주소📍경북 경주시 포석로 1050번길 19📆예약문의📍blog.naver.com/hanokinn⏰체크인 : PM 14:00⏰체크아웃 : AM 10:30📍가격정보📍비수기 평일 기준 150,000📸Photo by @mikyeong_reina @yang0653전국 감성숙소는 #데일리감성경주 감성숙소는 #데일리감성_경주경상북도로 떠난다면 #데일리감성_경북—————————————————",2021-09-14,11,한옥인,"['#데일리감성경주', '#데일리감성_경주경상북도로', '#데일리감성_경북—————————————————']",1631577600.0,https://scontent-ssn1-1.cdninstagram.com/v/t51.2885-15/e35/242025374_387993932950286_5298140235941271600_n.jpg?_nc_ht=scontent-ssn1-1.cdninstagram.com&_nc_cat=102&_nc_ohc=csKwPzlAeYEAX_1f6vB&edm=AP_V10EBAAAA&ccb=7-4&oh=cef2ce39e03902f182345ac91dce82d6&oe=6160D38E&_nc_sid=4f375e
36,"고성_삼박한집별장같은 편안한 감성숙소""삼박한집""'삼박한집'은일에 지쳐 어디론가 훌쩍 떠나고 싶을때가기좋은 강원도 바닷가의 작은 집이에요.외부는 양옥, 내부는 한옥같은 모양새로이루어진 이층집으로목조 지붕의 서까래, 목기둥이 멋스럽고대대로 집안에서 내려온 온목가구가그 멋을 더하는 특별한 곳이에요 :)깨끗하고 상큼한 향이 나는흰색 구스 침구는 감촉이 좋아서스르르 잠이 들지도 몰라요.바로 앞 해변에서 서핑보드와 스노쿨링을 즐길 수 있고바다가 찰 때는 바닷가를 걸어도 좋아요 :)자전거 도로에서 자전거를 타거나바닷가 카페에서 책을 읽으며느즈막한 오후 시간을 보내보세요.늦은 밤엔 히노끼탕에 몸을 맡기고노곤함을 풀며 빔프로젝터로 다양한 영상을 시청해보세요 :)—————————————————🏡'고성 삼박한집'🚩주소📍강원도 고성군 토성면 봉포2길 12📆예약문의📍sambakhanzip.com⏰체크인 : PM 15:00⏰체크아웃 : AM 11:00📍가격정보📍비수기 평일 기준 230,000📸Photo by @for_eunjung9775 @layla_k__91 @myddoublelife전국 감성숙소는 #데일리감성고성 감성숙소는 #데일리감성_고성강원도로 떠난다면 #데일리감성_강원—————————————————",2021-09-14,19,삼박한집,"['#데일리감성고성', '#데일리감성_고성강원도로', '#데일리감성_강원—————————————————']",1631577600.0,https://scontent-ssn1-1.cdninstagram.com/v/t51.2885-15/e35/241867582_982672935627368_435975389783443772_n.jpg?_nc_ht=scontent-ssn1-1.cdninstagram.com&_nc_cat=108&_nc_ohc=KhiQJcM-fsgAX8G-bsx&tn=GxWp9HkCHQ_cZ8OY&edm=AP_V10EBAAAA&ccb=7-4&oh=179ac2306131512de72c491e474d4650&oe=6161261B&_nc_sid=4f375e
37,"영동_스테이인터뷰숲에 안긴 감성 스테이""스테이인터뷰 영동""'스테이인터뷰 영동'은해가 가장 오래 머무는 곳인 영동햇볕 가득한 곳에 자리잡고 있으며키 작은 돌담과 단아한 중정, 대나무 정원이자연을 오롯이 드러내줍니다 :)화이트톤을 채운 우드톤의 자연 색감은키 낮은 가구들과 함께고요하고 아늑한 분위기를 자아내요.도시의 고단함을 벗어나익숙함과 잠시 이별하고 싶은 순간산 끝자락에 자리한 온천탕은특별한 위로가 됩니다 :)스테이인터뷰는 영동 강선대 트레킹 코스와 마주하고 있어소나무를 따라 소박하게 걸으며계절마다 변하는 자연의 모습에마음의 얼룩을 지우고 일상의 짐을내려놓을 수 있어요.자연을 오롯이 만날 수 있는스테이 인터뷰 영동에서나를 만나는 여행을 떠나보세요 :)—————————————————🏡'영동 스테이인터뷰'🚩주소📍충북 영동군 양산면 양산심천로 45📆예약문의📍stayinterview.co.kr⏰체크인 : PM 15:00⏰체크아웃 : AM 11:00📍가격정보📍비수기 평일 기준 약 100,000Photo by @eeyosgnuj @u__uri_ @zzaerin전국 감성숙소는 #데일리감성충북으로 떠난다면 #데일리감성_충북—————————————————",2021-09-13,45,스테이인터뷰,"['#데일리감성충북으로', '#데일리감성_충북—————————————————']",1631491200.0,https://scontent-ssn1-1.cdninstagram.com/v/t51.2885-15/e35/241801386_4485294274861442_1154580353928600287_n.jpg?_nc_ht=scontent-ssn1-1.cdninstagram.com&_nc_cat=102&_nc_ohc=Ieu_HwWvoIgAX_IKbwy&edm=AP_V10EBAAAA&ccb=7-4&oh=06481af9cc2853e54b895982558916b8&oe=616070B2&_nc_sid=4f375e
38,제주도 여행가기전 꼭 보고가야할제주 감성숙소 BEST 모음전!@@이왕 가는거 예쁜 숙소에서인생샷도 건지고 힐링하고 오자!1.월림차경제주시 한림읍 월림5길 172.스테이아하제주시 한림읍 옹포리 774-23.라피아하우스제주시 한림읍 옹포2길 37-914.하도리보통날제주시 구좌읍 하도1길 335.하귤당제주 서귀포시 신효중앙로 26번길 216.아일안제주시 조천읍 신촌북1길 20-17.앳코너제주시 백포북길 258.시재시재제주시 한경면 조수2길 259.까만돌멩이제주시 구좌읍 계룡길 32전국 감성숙소는 #데일리감성제주도로 떠난다면 #데일리감성_제주,2021-09-13,154,제주도 Jeju Island,"['#데일리감성제주도로', '#데일리감성_제주']",1631491200.0,https://scontent-ssn1-1.cdninstagram.com/v/t51.2885-15/e35/241731873_877989862840274_3676391374322809827_n.jpg?_nc_ht=scontent-ssn1-1.cdninstagram.com&_nc_cat=102&_nc_ohc=GQR4ubSLzoYAX_2n3d9&edm=AP_V10EBAAAA&ccb=7-4&oh=382739a6c28efa8431892829de222437&oe=616089E5&_nc_sid=4f375e
39,"인천_프리지아99프라이빗 루프탑 수영장이 있는""프리지아99""'프리지아99'는한적한 그리스의 시골마을 분위기를 살린프리미엄 렌탈 하우스 겸 카페로서휴양지 느낌이 물씬 나는 루프탑 수영장과그 옆에 마련된 bar가 포인트인 감성숙소에요 :)1층 전체는 카페로 운영되어음료와 간단한 브런치를 즐기기에도 좋아요.관리가 잘 된 깨끗한 수영장과감각적인 인테리어로 이루어진객실이 매우 아름다우며입구에서부터 느껴지는 좋은 향이기분을 좋게 만들어요 :)화장실도 매우 청결하며부엌에는 모든 식기류가 배치되어 있어요리를 하기에도 좋답니다.루프탑 수영장은 5월~9월까지 운영되며시간별로 이용시간이 나누어져 있으니체크인 하루 전날까지꼭 예약하고 이용하세요 :)—————————————————🏡'인천 프리지아99'🚩주소📍인천광역시 중구 오작로 64📆예약문의📍airbnb.co.kr/rooms/33047144⏰체크인 : PM 15:00⏰체크아웃 : AM 11:00📍가격정보📍비수기 평일 기준 약 170,000📸Photo by @bbona_h @leeminji_95 @r_lel9전국 감성숙소는 #데일리감성인천으로 떠난다면 #데일리감성_인천",2021-09-13,40,프리지아99,"['#데일리감성인천으로', '#데일리감성_인천']",1631491200.0,https://scontent-ssn1-1.cdninstagram.com/v/t51.2885-15/e35/241731024_374855030941029_5922597541101789203_n.jpg?_nc_ht=scontent-ssn1-1.cdninstagram.com&_nc_cat=109&_nc_ohc=bB5KDEBRYAMAX9gLKxA&edm=AP_V10EBAAAA&ccb=7-4&oh=b8f725eb9d6d06c97097f52285e48ff9&oe=6161FD06&_nc_sid=4f375e
40,"제주_앳코너감성가득한 별장같은 숙소""앳코너""'앳코너'는나무로 지어진 집으로하얗고 부드러운 린넨 이불속에서꿈에 그리던 휴가를 즐길 수 있어요 :)바로 몇걸음 앞엔 푸른 바다가 펼쳐져있고이호테우 해수욕장도 걸어서5분이면 갈 수 있으니멋진 제주도 일몰을 감상하며해변가 산책을 즐겨보세요.앳코너는 커다란 나무들이 심어져있고새들이 지저귀며 나비가 날아다니는아름다운 정원을 품고있어요.저녁엔 로즈마리와 라벤더 향이은은하게 나는 정원속에서바베큐 파티를 즐겨도 좋으며아담한 객실의 주방에서직접 요리를 해도 좋답니다 :)넓은 정원과 바다가 반겨주는제주 앳코너에서 완벽한 휴가를 보내보세요.—————————————————🏡'제주 앳코너'🚩주소👉제주시 백포북길 25📆예약문의👉airbnb.co.kr/rooms/35516707⏰체크인 : PM 15:00⏰체크아웃 : PM 12:00📍가격정보👉비수기 평일 기준 약 127,000📸Photo by @bless_noi @euna.ccc @xummer.6전국 감성숙소는 #데일리감성제주도로 떠난다면 #데일리감성_제주—————————————————",2021-09-11,62,제주도 Jeju Island,"['#데일리감성제주도로', '#데일리감성_제주—————————————————']",1631318400.0,https://scontent-ssn1-1.cdninstagram.com/v/t51.2885-15/e35/241662678_1666767390186303_5526167428434014549_n.jpg?_nc_ht=scontent-ssn1-1.cdninstagram.com&_nc_cat=103&_nc_ohc=a0GfdOwYc9UAX9w1RaE&edm=AP_V10EBAAAA&ccb=7-4&oh=8fa68562275285d82123f6d95b480921&oe=616194B9&_nc_sid=4f375e
41,"서울_플로어탑노트서울 깔끔한 감성숙소""플로어탑노트""'플로어탑노트'는통유리창이 있어서 뷰가 너무 좋고모든 창에 블라인드가 설치되어 있어걱정없이 쉴 수 있어요 :)매일 네 시간 이상 환기를 하고전문 클리닝 업체와 함께 꼼꼼하게청결 유지에도 힘쓰고 있어요.플로어탑노트는향의 첫 향을 의미하는 탑노트의 뜻을 담아 이름을 지었으며향의 첫 인상을 탑노트가 결정하는 것처럼인상 깊은 첫 방문이 되길 원해요 :)숙소 입구에서 정면으로 보이는유리창이 천장까지 이어져있어하늘이 맑은 날 흩어지는 구름을구경하기에 아주 좋아요.여름에 내리는 비와 겨울엔 소복히 쌓인 눈해가 질 무렵의 노을이 참 예뻐요 :)통창으로 들어오는 따스한 햇살이 매력적인플로어탑노트에서 침대에 누워빔프로젝터로 영화를 보며 여유를 즐겨보세요.—————————————————🏡'서울 플로어탑노트'🚩주소👉서울시 중구 동호로20길 34-41 4층📆예약문의👉airbnb.co.kr/rooms/41213608⏰체크인 : PM 16:00⏰체크아웃 : AM 11:00📍가격정보👉비수기 평일 기준 약 300,000📸Photo by @hyobi_daily_ @nyres_ @thisis_been전국 감성숙소는 #데일리감성서울 감성숙소는  #데일리감성_서울—————————————————",2021-09-08,40,동대입구역,"['#데일리감성서울', '#데일리감성_서울—————————————————']",1631059200.0,https://scontent-ssn1-1.cdninstagram.com/v/t51.2885-15/e35/241314005_227968585947042_7778892669590347677_n.jpg?_nc_ht=scontent-ssn1-1.cdninstagram.com&_nc_cat=106&_nc_ohc=PK0k49spIVEAX-9Utpv&edm=AP_V10EBAAAA&ccb=7-4&oh=8f389c9dabca4efa4823c7572bd78a31&oe=6160D168&_nc_sid=4f375e
42,"거제_내도모해아름다운 섬에서의 힐링""내도모해""'모해'는순우리말로 모퉁이를 비추는 햇살이라는 뜻이에요.'내도' 또한 '모해' 처럼작고 소박하지만 따뜻한 곳이라고 느껴이 곳 이름을 내도모해 라고 지었다고 하네요.화려하진 않지만 따뜻한 감성이가득한 공간에서 일상에 지친 몸과 마음을 달래고휴식을 취해보세요 :)거제도에서 10분정도 배를 타고이동하면 내도에 갈 수 있으며내도에서 숙박을 하는 경우에는배 이용료를 할인 받을 수 있다고 해요.숙소가 바로 1분 거리에 있기 때문에짐이 많아도 걱정이 없어요.숙소 앞으로는 바다가 눈 앞에 펼쳐져 있고작은 섬이여서 한적하고 조용하게쉬고 올 수 있어요 :)카페도 운영을 하고 있으니커피를 마시며 근처 산책을 즐겨보세요.—————————————————🏡'거제 내도모해'🚩주소👉경남 거제시 일운면 내도길 3-6📆예약문의👉map.naver.com/v5/entry/place/55506863⏰체크인 : PM 15:00⏰체크아웃 : AM 11:00📍가격정보👉비수기 평일 기준 98,000📸Photo by @17_semi @baryo13 @luv__ys.sy전국 감성숙소는 #데일리감성거제로 떠난다면 #데일리감성_거제경상남도 여행은 #데일리감성_경남—————————————————",2021-09-07,57,거제 내도,"['#데일리감성거제로', '#데일리감성_거제경상남도', '#데일리감성_경남—————————————————']",1630972800.0,https://scontent-ssn1-1.cdninstagram.com/v/t51.2885-15/e35/241420466_554982645926353_2228982164066296140_n.jpg?_nc_ht=scontent-ssn1-1.cdninstagram.com&_nc_cat=101&_nc_ohc=32H-Hf-C61YAX-fr-hz&edm=AP_V10EBAAAA&ccb=7-4&oh=82b999bef0b4e778bedf52772679020f&oe=61609444&_nc_sid=4f375e
43,"속초_파도의무늬오션뷰 감성 에어비앤비""파도의무늬""'파도의무늬'는물결이 일렁이고 윤슬이 반짝거리며파도가 철썩철썩 치는다양한 모습의 파도의 무늬를 즐길 수 있어요.들려오는 시원한 파도소리를가만히 눈을 감고 듣다보면많은 생각과 많은 계획을 잠시 내려두고느긋하게 머리를 식힐 수 있어요 :)숙소 내부는세개의 창으로 엿보이는 푸른 파도의 무늬와오후부터 저녁까지 긴 시간 들어오는따뜻한 영랑호의 햇살까지 그대로 담은 공간으로바다가 보이는 오션뷰에요 :)객실과 욕실, 주방으로 분리되어있고스마트빔과 블루투스 스피커 이 외에도드라이어와 다리미도 구비되어 있어요.주방에서 음식 조리가 가능하지만환기에 제한이 있어냄새가 많이 나는 요리는 삼가 부탁드려요 :)눈을 감고 파도의 소리를 들으며안티 스트레스 티와 함께 복잡한 마음을 해소해보세요.—————————————————🏡'속초 파도의무늬'🚩주소👉강원도 속초시👉정확한 주소는 예약 후 표시📆예약문의airbnb.co.kr/rooms/43537659⏰체크인 : PM 16:00⏰체크아웃 : PM 12:00📍가격정보👉비수기 평일 기준 약 170,000📸Photo by @hyoyonee @kimssoyeoni @seony5h전국 감성숙소는 #데일리감성속초로 떠난다면 #데일리감성_속초강원도 여행은 #데일리감성_강원—————————————————",2021-09-06,47,파도의 무늬,"['#데일리감성속초로', '#데일리감성_속초강원도', '#데일리감성_강원—————————————————']",1630886400.0,https://scontent-ssn1-1.cdninstagram.com/v/t51.2885-15/e35/241381894_574691110525551_1158026177666660365_n.jpg?_nc_ht=scontent-ssn1-1.cdninstagram.com&_nc_cat=103&_nc_ohc=ioXVFtU2u54AX8SSadM&edm=AP_V10EBAAAA&ccb=7-4&oh=fbb7cf64195b724b32894067e8d61e33&oe=6160D43B&_nc_sid=4f375e
44,"거제_큐브스테이캠핑 감성의 펜션""큐브스테이""'큐브스테이'는거제도 아름다운 섬 속에두 가지의 컨셉과 재미난 상상력으로지어진 디자인 펜션이에요 :)펜션의 편리함과 글램핑의 재미,캠핑 감성까지 한 번에 느낄 수 있는독특한 숙소로 바다 일몰을 바라보며숯불 바베큐를 먹고 불멍도 즐길 수 있어요.바베큐 도구부터 캠핑용 테이블과의자까지 갖춰져 있기에 캠핑 용품을따로 준비하지 않아도캠핑온 듯한 느낌을 받아요 :)다양한 컨텐츠와 즐겁고 새로운 공간의편리함이 있는 큐브스테이는자연을 가장 먼저 생각하며 지었기에아름다운 자연이 마음을풍요롭게 해줍니다.아름다운 거제 바다와 넓은 잔디 정원,독보적인 감성 스테이 공간에서자연의 기운과 힐링을 얻어가세요 :)—————————————————🏡'거제 큐브스테이'🚩주소👉경남 거제시 하청면 칠천로 267📆예약문의👉cubeisland.co.kr/⏰체크인 : PM 15:00⏰체크아웃 : AM 11:00📍가격정보👉비수기 평일 기준 140,000📸Photo by @hyhyhy_e @jeong__s2__전국 감성숙소는 #데일리감성거제로 떠난다면 #데일리감성_거제경상남도 여행은 #데일리감성_경남—————————————————",2021-09-04,57,Geoje,"['#데일리감성거제로', '#데일리감성_거제경상남도', '#데일리감성_경남—————————————————']",1630713600.0,https://scontent-ssn1-1.cdninstagram.com/v/t51.2885-15/e35/241152650_4203181143092898_8066021310430508057_n.jpg?_nc_ht=scontent-ssn1-1.cdninstagram.com&_nc_cat=106&_nc_ohc=munGcrKceiIAX_uorEi&tn=GxWp9HkCHQ_cZ8OY&edm=AP_V10EBAAAA&ccb=7-4&oh=6ec77ccbd117426e4d2790b831cf453a&oe=61615309&_nc_sid=4f375e
45,"경주_조히경주 독채 한옥 감성숙소""조히""'조히'는ㄱ자로 되어 있는 독채 한옥 숙소로한옥의 감성은 유지하면서편리함을 더한 숙소에요 :)거실은 서가래를 살려놓아서한옥의 정취를 그대로 느낄 수 있고오래되지 않은 숙소라 시설이 깔끔해요.스피커로 은은하게 노래를 틀어놓을 수 있고빔 프로젝터로 영상을 볼 수도 있어요.독채로 사용하는 숙소이며마당이 있어 피크닉을 즐길 수도 있어요 :)주방에는 발뮤다 토스터기와캡슐 커피머신도 있으며각종 조리도구들이 구비되어 있어요.조미료도 다양하게 있으며식기와 잔이 종류별로 있어음식과 술에 맞는 식기를 사용할 수 있어요 :)—————————————————🏡'경주 조히'🚩주소👉경주시 원효로 213번길 7📆예약문의👉instagram.com/johe_hanok⏰체크인 : PM 15:00⏰체크아웃 : AM 11:00📍가격정보👉비수기 평일 기준 280,000📸Photo by @luv______mi @luvsoyuri_ @mina_ov전국 감성숙소는 #데일리감성경주로 떠난다면 #데일리감성_경주경상북도 여행은 #데일리감성_경북—————————————————",2021-09-03,49,경주 황리단길,"['#데일리감성경주로', '#데일리감성_경주경상북도', '#데일리감성_경북—————————————————']",1630627200.0,https://scontent-ssn1-1.cdninstagram.com/v/t51.2885-15/e35/241281363_115971784125907_8649703605205611591_n.jpg?_nc_ht=scontent-ssn1-1.cdninstagram.com&_nc_cat=107&_nc_ohc=N0Nyz3Ct-usAX9_eWdp&edm=AP_V10EBAAAA&ccb=7-4&oh=a24fcce51bdeb95220e5003a3fd9d5fe&oe=61606CD5&_nc_sid=4f375e
46,"강릉_스테이 시호일시간의 흔적을 담은 감성숙소""스테이 시호일""'스테이 시호일'은60년대 강릉의 번화가로 유명했던남문동에 위치해 있으며시간의 흔적을 품은 주택과상점들이 많은 동네에요 :)상점과 주택가가 만나는 지점에조용히 자리하고 있으며오래된 주택의 형태는 유지하면서내부는 미니멀 베이스에 빈티지한 요소를 입혀시호일만의 독특한 분위기를느낄 수 있어요.대관령 물줄기가 바다까지 흘러가는남대천이 있어 계곡에서 내려온 물고기와바다에서 밀려온 물고기, 각종 새들을눈 앞에서 볼 수 있어요 :)따스한 아침 햇살을 맞으며 일어나 바로 앞의 남대천을 따라 산책을 즐기고동네의 아기자기한 가게와 카페를 구경하며사랑하는 사람들과 행복한 시간을 보내보세요 :)—————————————————🏡'강릉 스테이 시호일'🚩주소👉강릉시 경강로 2046번길 19-3📆예약문의👉stayfolio.com/findstay/stay-sihoil⏰체크인 : PM 16:00⏰체크아웃 : AM 10:00📍가격정보👉비수기 평일 기준 150,000📸Photo by @bo___oy @heee.sh전국 감성숙소는 #데일리감성강릉으로 떠난다면 #데일리감성_강릉강원도 여행은 #데일리감성_강원————————————————— #스테이시호일 #강릉스테이 #강릉감성숙소 #강릉감성여행 #강릉숙소추천 #강릉숙소강추 #강릉예쁜숙소 #강원도감성숙소 #강릉숙박추천",2021-09-03,15,강릉,"['#데일리감성강릉으로', '#데일리감성_강릉강원도', '#데일리감성_강원—————————————————', '#스테이시호일', '#강릉스테이', '#강릉감성숙소', '#강릉감성여행', '#강릉숙소추천', '#강릉숙소강추', '#강릉예쁜숙소', '#강원도감성숙소', '#강릉숙박추천']",1630627200.0,https://scontent-ssn1-1.cdninstagram.com/v/t51.2885-15/e35/241097906_381624196867155_7954278161995583111_n.jpg?_nc_ht=scontent-ssn1-1.cdninstagram.com&_nc_cat=103&_nc_ohc=OlCF3XuRBGsAX_ztd2J&edm=AP_V10EBAAAA&ccb=7-4&oh=3ce16352cbdd5dfde7bc2ee452b2fa66&oe=616133FD&_nc_sid=4f375e
47,"제주_까만돌멩이구좌읍 조식주는 예쁜 숙소""까만돌멩이""'까만돌멩이'는가족 및 커플 또는 1인 여행객이이용할 수 있는 원룸형 호텔식 민박이에요.제주의 옛 돌집을 살려 리모델링한힐링 공간으로 조용한 바닷가 마을에위치해있고 바다 접근성이 좋아주변 해변을 마음껏 즐길 수 있어요 :)주차시설이 구비되어있고기본 세면도구는 제공되며객실마다 와이파이 설치도 되어있어요.객실에서는 취사가 불가하지만조식을 제공하고 별도의 카페가 있어편하게 이용할 수 있답니다 :)—————————————————🏡'제주 까만돌멩이'🚩주소👉제주시 구좌읍 계룡길 32📆예약문의👉page.yapen.co.kr/33579⏰체크인 : PM 16:00⏰체크아웃 : AM 10:00📍가격정보👉비수기 평일 기준 118,000📸Photo by @loveyou_mini @yeou_roa전국 감성숙소는 #데일리감성제주도 여행은 #데일리감성_제주—————————————————",2021-09-03,36,제주 까만돌멩이,"['#데일리감성제주도', '#데일리감성_제주—————————————————']",1630627200.0,https://scontent-ssn1-1.cdninstagram.com/v/t51.2885-15/e35/241177553_222164429760622_2305595411783456591_n.jpg?_nc_ht=scontent-ssn1-1.cdninstagram.com&_nc_cat=110&_nc_ohc=vYd9c6qafKcAX-5eSy2&edm=AP_V10EBAAAA&ccb=7-4&oh=c5d84222c9038917d00d739ee343086e&oe=61614DB1&_nc_sid=4f375e
48,"단양_권장사양인스타감성 가득한 독채 숙소""권장사양""'권장사양'은 자연경관으로 둘러쌓여 있고마당이 있어 자연속에서힐링하기에 좋은 숙소에요 :)숙소내부는 LP판과 스피커 등감성 넘치는 소품으로 꾸며져있으며우드 테이블과 조명의 조화가잘 어우러져 따뜻한 느낌이 들어요.주방도 꽤 넓은 편으로식기도 갖춰져있어 간단히 요리하기에도 좋아요.숙소 내부에서 보는창 밖 풍경이 매우 매력적이고뒷마당에서는 바베큐를 즐길 수 있어요.한적하고 아늑한 혼자만의 쉘터에서새가 지저귀는 소리를 들으며낮잠을 자거나 산책을 즐겨보세요 :)—————————————————🏡'단양 권장사양'🚩주소👉충청북도 단양👉정확한 위치는 예약 후 표시📆예약문의👉airbnb.co.kr/rooms/50430385⏰체크인 : PM 15:00⏰체크아웃 : AM 11:00📍가격정보👉비수기 평일 기준 204,000📸Photo by @daily_yam_seoul @pureum_jin @rhkd11wow전국 감성숙소는 #데일리감성단양으로 떠난다면 #데일리감성_단양충청북도 여행은 #데일리감성_충북—————————————————",2021-09-02,37,Danyang,"['#데일리감성단양으로', '#데일리감성_단양충청북도', '#데일리감성_충북—————————————————']",1630540800.0,https://scontent-ssn1-1.cdninstagram.com/v/t51.2885-15/e35/241085418_1149875952209114_352685069034258001_n.jpg?_nc_ht=scontent-ssn1-1.cdninstagram.com&_nc_cat=102&_nc_ohc=btl_d-kA4zgAX_4uN2T&edm=AP_V10EBAAAA&ccb=7-4&oh=a69c851a84c2797b8c11f27e5b99eecc&oe=61609344&_nc_sid=4f375e
49,"부산_그루브스테이이국적인 분위기의 부산 감성숙소""그루브스테이""'그루브스테이'는 한적한 동네에 위치하고 있어조용하게 힐링하기에 좋아요.동남아 분위기에 야외 테라스에는초록빛깔의 마운틴 뷰와 노천탕이 있어함께 즐기기에 완벽한 숙소랍니다 :)대나무로 된 난간은 더욱 이국적인 느낌을 주며따뜻한 욕조에서 디저트와 간식을 먹으며 영화를 보다보면 해외여행을 온 듯한 느낌도 들어요 :)동네가 조용하고하루에 네 팀만 받아프라이빗한 휴식을 즐길 수 있어요.거실엔 TV를 볼 수 있는 쇼파가 있고간단한 요리를 할 수 있는 주방이 있어요.바베큐는 공용바베큐 시설을 이용하니참고해주세요.—————————————————🏡'부산 그루브스테이'🚩주소👉부산 기장군 기장읍 당사로5길 17📆예약문의👉groovestay.com⏰체크인 : PM 16:00⏰체크아웃 : AM 11:00📍가격정보👉비수기 평일 기준 220,000📸Photo by @won________ @vn.ha_ramm_ @2na._.ni전국 감성숙소는 #데일리감성부산으로 떠난다면 #데일리감성_부산—————————————————",2021-09-02,38,그루브스테이,"['#데일리감성부산으로', '#데일리감성_부산—————————————————']",1630540800.0,https://scontent-ssn1-1.cdninstagram.com/v/t51.2885-15/e35/241283329_1149318015557765_3710951753204431367_n.jpg?_nc_ht=scontent-ssn1-1.cdninstagram.com&_nc_cat=105&_nc_ohc=hTiLXSr6YdYAX-ZDIFl&edm=AP_V10EBAAAA&ccb=7-4&oh=6ddc97b93b710c90e2ef3ba040f02e73&oe=61620F34&_nc_sid=4f375e
50,"양양_셀로판비서핑스팟과 가까운 양양 여행 핫플""셀로판비""'셀로판비'는 윤승아, 김무열 배우님이 운영하시는숙소로 색감이 너무 예쁜 숙소에요 :)야외 테라스의 농구장부터외부와 내부 인테리어 모두 감각적으로 꾸며진 감성 숙소에요.하늘색 바닥컬러로 꾸며놓은 농구장은농구공 대여가 가능해서농구를 못하더라도 공을 던져보고 싶어요.샤워부스도 마련되어 있어근처 해수욕장에서 해수욕을 즐긴 후모래를 씻기에도 좋답니다 :)서핑스팟과 숙소가 가까워서양양으로 서핑여행을 떠나시는 분들은이 곳으로 숙소를 정하면만족도가 굉장히 높을듯해요!—————————————————🏡'양양 셀로판비'🚩주소👉강원 양양군 현남면 두리 1-23📆예약문의👉0504-0904-2475⏰체크인 : PM 16:00⏰체크아웃 : AM 11:00📍가격정보👉비수기 평일 기준 230,000📸Photo by @junnnn_0220 @mui_wugo전국 감성숙소는 #데일리감성양양으로 떠난다면 #데일리감성_양양강원도 여행은 #데일리감성_강원—————————————————",2021-09-02,26,Yangyang,"['#데일리감성양양으로', '#데일리감성_양양강원도', '#데일리감성_강원—————————————————']",1630540800.0,https://scontent-ssn1-1.cdninstagram.com/v/t51.2885-15/e35/240951214_905523880040131_4493635120820490444_n.jpg?_nc_ht=scontent-ssn1-1.cdninstagram.com&_nc_cat=107&_nc_ohc=-HVtL9-_sQwAX9emj8E&edm=AP_V10EBAAAA&ccb=7-4&oh=4e221425a07d887e68b740359af55c89&oe=616239FB&_nc_sid=4f375e
51,"강릉_라온가따뜻한 느낌의 힐링 감성숙소""라온가""'라온가'는 주택을 개조한 숙소이며'라온'은 순 우리말로 '즐거운' 이라는뜻을 가지고 있다고 해요 :)라온가는 강릉 교동 조용한 주택가에위치해 있는 언덕 위 이층집 숙소에요.90년대 옛 주택을 리모델링하여만든 숙소로 1층 전체를사용할 수 있답니다.준비되어있는 책과 음악그리고 은은한 조명과 함께완전한 휴식을 취할 수 있어요.라온가 숙소 뒤 쪽으로는 삼림욕을 할 수 있는길이 있어 산책을 나가기에도 좋아요 :)—————————————————🏡'강릉 라온가'🚩주소👉강원도 강릉시 강릉대로 121번길 37-4📆예약문의👉stayfolio.com/findstay/raonga⏰체크인 : PM 15:00⏰체크아웃 : AM 11:00📍가격정보👉비수기 평일 기준 250,000📸Photo by @bbibbi_baek k @ye5ni_전국 감성숙소는 #데일리감성강릉으로 떠난다면 #데일리감성_강릉강원도 여행은 #데일리감성_강원—————————————————",2021-09-01,26,강릉,"['#데일리감성강릉으로', '#데일리감성_강릉강원도', '#데일리감성_강원—————————————————']",1630454400.0,https://scontent-ssn1-1.cdninstagram.com/v/t51.2885-15/e35/240946585_634244190879302_1380522472126412362_n.jpg?_nc_ht=scontent-ssn1-1.cdninstagram.com&_nc_cat=102&_nc_ohc=_eow-BwVUKQAX_mm-kn&edm=AP_V10EBAAAA&ccb=7-4&oh=524ff642bf4f1fccbb72dd50c8c09cef&oe=61605189&_nc_sid=4f375e
52,"제주_스테이아하프라이빗한 수영장이 있는 제주 감성숙소""스테이아하""'스테이아하'는 협재 해수욕장과 가깝고주변에 유명한 맛집과 카페들이 많아여행 동선을 짜기에 좋아요 :)스테이아하는총 4개의 객실로 구성되어 있고내부 인테리어는 심플하지만예쁘게 디자인 되어있어요.주변이 매우 조용해서수영장 선베드나 의자에 앉아힐링을 하기에도 좋아요 :)수영장 돌담너머로는청보리밭이 펼쳐져있는데바라보고만 있어도 마음이 편해지는듯해요.일몰시간에 지는 태양을 바라보며수영장에 누워서 휴식을 즐겨보세요 :)—————————————————🏡'제주 스테이아하'🚩주소👉제주시 한림읍 옹포남2길 43📆예약문의👉stayaha.com/reservation⏰체크인 : PM 16:00⏰체크아웃 : AM 11:00📍가격정보👉비수기 평일 기준 130,000📸Photo by @h0zzuu @kimsuhyang2361전국 감성숙소는 #데일리감성제주도 여행은 #데일리감성_제주—————————————————",2021-09-01,27,제주도 Jeju Island,"['#데일리감성제주도', '#데일리감성_제주—————————————————']",1630454400.0,https://scontent-ssn1-1.cdninstagram.com/v/t51.2885-15/e35/241138969_279348693619013_5906968950962270303_n.jpg?_nc_ht=scontent-ssn1-1.cdninstagram.com&_nc_cat=105&_nc_ohc=qktj5q8oUXIAX9c-h7S&edm=AP_V10EBAAAA&ccb=7-4&oh=bb875fd9ce66fe3751785b1ab94dba06&oe=6161977D&_nc_sid=4f375e
53,"태안_티니하우스아기자기한 느낌이 가득한""티니하우스""'티니하우스'는 내부 인테리어를아기자기한 느낌가득한 소품으로꽉 채워놓은 태안의 감성숙소에요 :)티니하우스는 스타방, 캔디방, 러블리방총 3개의 방으로 운영되고 있어요.곳곳이 아기자기한 소품과 예쁜 색상으로꾸며져있어 사진찍기에 완벽한 감성숙소이며한적하고 조용한 곳에 위치하고 있어조용하게 힐링을 즐기고 오기에 딱 좋아요 :)펜션 앞에 같은 느낌으로 꾸며진카페도 운영되고 있으니꼭 방문해보시는걸 추천드려요.펜션자체가 매우 깔끔하며위생적으로 운영되고 있답니다 :)—————————————————🏡'태안 티니하우스'🚩주소👉충남 태안군 원북면 옥파로 977📆예약문의👉blog.naver.com/tini_house/⏰체크인 : PM 15:00⏰체크아웃 : AM 11:00📍가격정보👉비수기 평일 기준 80,000📸Photo by @younga0819 @eunjeong_91전국 감성숙소는 #데일리감성충청남도 여행은 #데일리감성_충남—————————————————",2021-08-31,16,Taean,"['#데일리감성충청남도', '#데일리감성_충남—————————————————']",1630368000.0,https://scontent-ssn1-1.cdninstagram.com/v/t51.2885-15/e35/240996315_374540977632197_757043132259032635_n.jpg?_nc_ht=scontent-ssn1-1.cdninstagram.com&_nc_cat=105&_nc_ohc=HGNrCOlK7mgAX9K8gKF&edm=AP_V10EBAAAA&ccb=7-4&oh=1039ad83ea179f258e12b91d1378661a&oe=6161A482&_nc_sid=4f375e
54,"울산_올리브하우스안 가보면 후회하는 감성 숙소""올리브하우스""'올리브하우스'는 울산 염포동 한적한 동네의오래된 주택을 개조하여 만든 공간으로감성 넘치는 인테리어로 꾸며져사장님의 센스를 엿볼 수 있는 공간이에요 :)'올리브하우스'는거실과 주방, 화장실로 이루어진 2층과큰 방, 작은 방, 거실, 야외테라스로 구성된3층 전체를 모두 사용할 수 있어요.주방에는 냉장고와 전자레인지, 밥솥각종 그릇과 도구, 와인오프너까지 필요한 건 모두 구비되어 있어요.3층 방에는 빔프로젝터가 있어영화를 볼 수 있고 보고싶은 영화가 있다면USB에 담아와서 볼 수도 있어요.이 곳에서 영화보는게 정말 예뻐요 :)1층은 올리브맨션 카페로 운영중이며1층에서 체크인을 하시면 됩니다.—————————————————🏡'울산 올리브하우스'🚩주소👉울산 북구 염포동 397-2📆예약문의👉airbnb.co.kr/rooms/47242388⏰체크인 : PM 17:00⏰체크아웃 : PM 12:00📍가격정보👉비수기 평일 기준 119,000📸Photo by @yexbbin @born1nmay1전국 감성숙소는 #데일리감성울산으로 떠난다면 #데일리감성_울산—————————————————",2021-08-31,39,울산,"['#데일리감성울산으로', '#데일리감성_울산—————————————————']",1630368000.0,https://scontent-ssn1-1.cdninstagram.com/v/t51.2885-15/e35/240821857_177948927774318_704211798971736394_n.jpg?_nc_ht=scontent-ssn1-1.cdninstagram.com&_nc_cat=106&_nc_ohc=jAFRz_ufB8oAX-uRkvQ&edm=AP_V10EBAAAA&ccb=7-4&oh=ef22c3fbc3ec978d3467c4b2c7093bd3&oe=61623268&_nc_sid=4f375e
55,"통영_맘마논맘마자연의 쉼을 당신에게""맘마논맘마""맘마논맘마는 아침에는 바다위로해가 떠오르며 저녁에는 바다위에달빛이 아른거리는 감성적인 숙소에요 :)지친 일상의 무게를 벗고진짜 휴식을 즐길 수 있는 공간이랍니다.해안가 절벽에 지어진 맘마논맘마는전 객실이 오션뷰로 이루어져있으며객실에서 바다위로 떠오르는해와 달을 감상해볼 수 있어요.또한 야외 노천탕이 있어사계절 바다를 바라보며노천욕이 가능하기도 해요 :)하절기에는 미니 수영장 이용도 가능하며전 객실이 테라스에서 개별 바베큐가 가능하고전기그릴과 숯불 중에 선택할 수 있어요.기본적으로 한방 성분의애머니티도 제공됩니다.숙소 1층에는 카페도 운영되고있어간단한 브런치와 함께 커피나 차를즐길 수도 있어요 :)—————————————————🏡'통영 맘마논맘마'🚩주소👉경남 통영시 용남면 용남해안로 230📆예약문의👉mama_nonmama.co.kr/RESERVATION⏰체크인 : PM 15:00⏰체크아웃 : AM 11:00📍가격정보👉비수기 평일 기준 120,000📸Photo by @hwa_dindin @g_en__2 @shinsu_ss전국 감성숙소는 #데일리감성통영으로 떠난다면 #데일리감성_통영경상남도도 여행은 #데일리감성_경남—————————————————",2021-08-31,36,Tongyeong,"['#데일리감성통영으로', '#데일리감성_통영경상남도도', '#데일리감성_경남—————————————————']",1630368000.0,https://scontent-ssn1-1.cdninstagram.com/v/t51.2885-15/e35/240831129_595904401575812_8635022562706637800_n.jpg?_nc_ht=scontent-ssn1-1.cdninstagram.com&_nc_cat=108&_nc_ohc=LXrHpWCpYksAX_hRrDe&edm=AP_V10EBAAAA&ccb=7-4&oh=0f6a159535a59b1a77f17380f63341b4&oe=61618AA1&_nc_sid=4f375e
56,"군산_폴인플랜트빈티지감성 넘치는 군산 감성숙소""폴인플랜트""군산 폴인플랜트는거실겸 다이닝룸에 4~5인용의넓은 식탁과 쇼파, 흔들의자턴테이블과 LP판, 보드게임까지 다양하게 구비되어 있어 숙소에서만하루를 보내기에도 충분해요 :)인테리어 하나하나 너무 예쁘게꾸며져있고 여행을 다니며 공간에서위로를 받고 챙김을 받는다는 느낌을간직하고 싶어 만들어진 공간이랍니다.거실에는 LP플레이어가 있어레트로 느낌이 더욱 강하며LP사용법도 적혀있으니 꼭 사용하셔서 감성적인 분위기를 만들어보세요 :)침실은 화이트톤과 우드톤으로아늑하게 꾸며져있고또 다른 방에서는 빔프로젝터를 이용하여넷플릭스와 영화를 볼 수 있어요.주방이 특히나 예쁘며 기본 조미료와주방도구 및 식기류도 구비되어있으니직접 요리를 해드셔도 좋을 듯 하네요 :)—————————————————🏡'군산 폴인플랜트'🚩주소👉전라북도 군산👉정확한 주소는 예약 후 표시📆예약문의👉www.airbnb.co.kr/rooms/44250659⏰체크인 : PM 15:00⏰체크아웃 : PM 12:00📍가격정보👉비수기 평일 기준 110,000📸Photo by @_kheeee_j @0105.yeye전국 감성숙소는 #데일리감성군산으로 떠난다면 #데일리감성_군산전라북도 여행은 #데일리감성_전북—————————————————",2021-08-31,46,Gunsan,"['#데일리감성군산으로', '#데일리감성_군산전라북도', '#데일리감성_전북—————————————————']",1630368000.0,https://scontent-ssn1-1.cdninstagram.com/v/t51.2885-15/e35/240948451_868763980411742_3796231834699937779_n.jpg?_nc_ht=scontent-ssn1-1.cdninstagram.com&_nc_cat=102&_nc_ohc=5fiqRTkRgYAAX_dgeMZ&tn=GxWp9HkCHQ_cZ8OY&edm=AP_V10EBAAAA&ccb=7-4&oh=82004b22d545e3fcef924b67f4a32043&oe=616193AE&_nc_sid=4f375e
57,"제주_하도리보통날돌담까지 예쁜 제주 감성스테이""하도리보통날""하도리보통날의 사장님은여행을 왔기에 특별한 날이겠지만그 날이 보통의 날이 될 수도 있다고생각하길 원하세요.하도리보통날에서 여유롭고행복한 시간을 느끼며 그 시간이보통의 날이 되어 현실로 돌아간 후에도그 여운을 간직하시기를 바란다고 하십니다 :)하도리보통날은한 지붕 아래 두 공간인방 하나와 방 둘로 이루어진프라이빗한 독채 민박 숙소에요.성인 2인 전용 숙소이며추가 인원은 받지않으니 참고해주세요 :)숙소 내부는 소품 하나하나감성돋는 소품들이 배치되어있어사진찍기 매우 좋으며숙소 뒷길에는 작고 예쁜 유채밭이 있어산책하기에도 너무 좋아요.조식은 제공되지만취사시설이 없는점 참고해주세요 :)—————————————————🏡'제주 하도리보통날'🚩주소👉제주도 제주시 구좌읍 하도1길 33📆예약문의👉숙박일, 방 선택 후👉010-8507-9314 문자문의⏰체크인 : PM 16:00⏰체크아웃 : AM 10:30📍가격정보👉비수기 평일 기준 110,000📸Photo by @soovely._.12 @hyerinining전국 감성숙소는 #데일리감성제주도로 떠난다면 #데일리감성_제주—————————————————",2021-08-30,60,하도리보통날,"['#데일리감성제주도로', '#데일리감성_제주—————————————————']",1630281600.0,https://scontent-ssn1-1.cdninstagram.com/v/t51.2885-15/e35/240631795_377387834014926_6418610052481021794_n.jpg?_nc_ht=scontent-ssn1-1.cdninstagram.com&_nc_cat=106&_nc_ohc=kR3ev8CcyJEAX8kvn0r&edm=AP_V10EBAAAA&ccb=7-4&oh=b4daa4418564cd035be9522905690e87&oe=6160E914&_nc_sid=4f375e
58,"강릉_테라스마크숙소에서 보는 오션뷰가 환상적인""테라스마크""물이 맑기로 유명한영진 해수욕장 옆에 위치한테라스마크는 숙소 내부에서통창을 통해 하늘과 바다가같이 보이는 뷰가 정말 환상적이에요 :)걸어서 열발자국만 걸으면바로 영진해변을 걸을 수도 있어서산책하기에 좋고 바다와의 접근성이 좋아요.테라스마크는 1층부터 5층으로 운영이 되는데1층은 카페, 2층은 횟집으로 사용되며3층부터 5층까지 펜션으로 운영되고 있어요.숙소 내부는 작고 아담하지만2인이 사용하기에 충분하며통창을 통한 넓은 뷰가 펼쳐져있어좁다는 느낌이 들지 않아요 :)저녁에는 노을과 야경을 바라보며복잡한 생각을 비우고 온전하게 바다를 느끼며힐링할 수 있는 감성 오션뷰 숙소랍니다.—————————————————🏡'강릉 테라스마크'🚩주소👉강원 강릉시 연곡면 영진길 63📆예약문의👉www.terracemarq.com⏰체크인 : PM 15:00⏰체크아웃 : AM 11:00📍가격정보👉비수기 평일 2인 전용 기준 290,000📸Photo by @yhs_971121 @dd_chuuuu전국 감성숙소는 #데일리감성강릉으로 떠난다면 #데일리감성_강릉강원도 여행은 #데일리감성_강원—————————————————",2021-08-30,68,강릉,"['#데일리감성강릉으로', '#데일리감성_강릉강원도', '#데일리감성_강원—————————————————']",1630281600.0,https://scontent-ssn1-1.cdninstagram.com/v/t51.2885-15/e35/240863141_271702531166728_2543132375333839212_n.jpg?_nc_ht=scontent-ssn1-1.cdninstagram.com&_nc_cat=104&_nc_ohc=0A2xRtk36ygAX_vRA4W&tn=GxWp9HkCHQ_cZ8OY&edm=AP_V10EBAAAA&ccb=7-4&oh=eb9754da1e626ef8fe0f3195dc33c565&oe=6161D603&_nc_sid=4f375e
59,"양양_스테이와봄양양 프라이빗 감성 숙소""스테이와봄""스테이와봄은 숙소 안에 카페도같이 운영을 하고 있어 일찍 도착하더라도 커피 한 잔 마시며여유롭게 기다릴 수 있어요 :)감성적이라는 말이 너무나도잘 어울리는 숙소로총 5개의 방만 운영하고 있어조용하고 프라이빗하게 휴식을취하고 올 수 있어요.야외 잔디에는 사진찍기 좋은비누방울과 삼각대가 있으니잔디에서 인생샷을 찍어보세요 :)숙소 내부는 매우 깔끔하며내추럴한 소품과 가구가편안하고 정갈한 분위기를 선사하고안에서 보는 창 밖 뷰도 너무 예뻐요.저녁에는 빔프로젝터를 이용해야외에서 영화를 즐길 수도 있답니다.조식으로는 샌드위치와 과일, 요거트를준비해주시는데 스테이와봄은조식 맛집으로 유명하니 꼭 드셔보세요 :)—————————————————🏡'양양 스테이와봄'🚩주소👉강원 양양군 강현면 주청리 52-52📆예약문의👉카톡ID : wabom⏰체크인 : PM 15:00⏰체크아웃 : AM 11:00📍가격정보👉비수기 평일 기준 140,000📸Photo by @hn_kim27 @a__chu.n전국 감성숙소는 #데일리감성양양으로 떠난다면 #데일리감성_양양강원도 여행은 #데일리감성_강원—————————————————",2021-08-30,82,Yangyang,"['#데일리감성양양으로', '#데일리감성_양양강원도', '#데일리감성_강원—————————————————']",1630281600.0,https://scontent-ssn1-1.cdninstagram.com/v/t51.2885-15/e35/240819003_4294992697215655_3681638272923842612_n.jpg?_nc_ht=scontent-ssn1-1.cdninstagram.com&_nc_cat=107&_nc_ohc=LzY7yWhKS4QAX-h9tgV&edm=AP_V10EBAAAA&ccb=7-4&oh=c33148766229fc631ff2a7ca4427d1cd&oe=61611640&_nc_sid=4f375e
60,"공주_한적한가공주 감성 한옥 스테이""한적한가""'한적한가'는 요즘 핫한 한옥펜션으로숙소가 풍기는 분위기가 너무 예뻐요 :)내부는 감성넘치는 소품들로가득채워 놨으며실제 가정집을 한옥스테이로 꾸몄기에편안함과 안락함을 동시에 느낄 수 있어요.4인 기준의 한적한(가)와2인 기준의 한적한(나) 단 두채만 사용하는프라이빗한 독채펜션으로하루에 딱 2팀만 받고 있어서조용하게 지내고 올 수 있어요 :)분위기좋은 조용한 감성 한옥숙소를찾으신다면 공주 '한적한가'를 방문해보세요.—————————————————🏡'공주 한적한가'🚩숙소위치👉충남 공주시 한적2길 47-25📆예약문의👉instagram.com/hanjeok_stay⏰체크인 : PM 15:30⏰체크아웃 : AM 11:00📍가격정보👉비수기 평일 한적한가 기준 220,000📸Photo by @k____crystal@p_sso_1전국 감성숙소는 #데일리감성공주로 떠난다면 #데일리감성_공주충청남도 여행은 #데일리감성_충남—————————————————",2021-08-29,60,Gongju,"['#데일리감성공주로', '#데일리감성_공주충청남도', '#데일리감성_충남—————————————————']",1630195200.0,https://scontent-ssn1-1.cdninstagram.com/v/t51.2885-15/e35/240861376_230171269045407_8038956289649684720_n.jpg?_nc_ht=scontent-ssn1-1.cdninstagram.com&_nc_cat=103&_nc_ohc=4yEVs8qIjZAAX_2vu1h&edm=AP_V10EBAAAA&ccb=7-4&oh=10cb22ffae64800c0bb075102bd9d68c&oe=61615EA8&_nc_sid=4f375e
61,"제주_여전히제주제주 동쪽 감성숙소""여전히제주""여전히제주는숙소 2동으로 운영이 되어프라이빗하게 시간을 보낼 수 있어요.내부는 2동이 같은 구조이며소품만 약간 차이가 있어요.최대 3인까지 숙박이 가능하며애완동물 동반은 불가합니다 :)차로 5분거리에 제주 바다가 있어바다를 보러가기에도 좋은 숙소에요.거실에는 따사로운 볕이 들고침실, 거실, 주방공간이 분리되어 있으며작은 테라스공간도 있어요.숙소 내부는 작고 아담하지만화이트톤과 우드톤으로 깔끔하게디자인 되어있어요.숙소 앞뒤로는 밭과 오름이 있어제주를 오롯이 느끼기에도 좋아요 :)—————————————————🏡'제주 여전히제주'🚩숙소위치👉제주 제주시 구좌읍 일주동로 3010-42📆예약문의👉map.naver.com/v5/entry/place/1245927606⏰체크인 : PM 16:30⏰체크아웃 : AM 11:00📍가격정보👉비수기 평일 기준 150,000원👉2일 이상 숙박시 2일차 20,000원 할인📸Photo by @aro_om2 m2 @_sol_____ @luvly_lime————————————————— 전국 감성숙소는 #데일리감성제주도로 떠난다면 #데일리감성_제주",2021-08-29,81,제주도 Jeju Island,"['#데일리감성제주도로', '#데일리감성_제주']",1630195200.0,https://scontent-ssn1-1.cdninstagram.com/v/t51.2885-15/e35/240728228_1511229739218978_334940121243031361_n.jpg?_nc_ht=scontent-ssn1-1.cdninstagram.com&_nc_cat=106&_nc_ohc=7UhZ_tSi-BEAX-gHqWC&tn=GxWp9HkCHQ_cZ8OY&edm=AP_V10EBAAAA&ccb=7-4&oh=1cad6d793831f9455f1ec2a576a01924&oe=61615BD2&_nc_sid=4f375e
62,"경주_유온스테이고즈넉한 느낌의 경주 감성숙소""유온스테이""경주 유온스테이는숙소시설, 카페, 식당, 스파총 네가지 공간으로 구분되어 있으며석식과 조식이 제공되고프라이빗 스파 60분 무료 1회 이용 가능하며린넨가운까지 제공됩니다 :)모든 공간은 투숙객 전용이며포토존이 다양하게 있어사진찍기에 너무 좋은 숙소에요.유온 카페는 환상적인 보리밭뷰를 볼 수 있고감성적인 인테리어로 꾸며져있어굳이 다른 경주 감성카페를 찾을 필요가 없어요.유온식당은 건강한 식재료를 사용하여정성을 다해 식사를 준비해줍니다.온스파는 사랑하는 사람과 프라이빗하게힐링을하며 시간을 보낼 수 있어요 :)—————————————————🏡'경주 유온스테이'🚩숙소위치👉경상북도 경주시 천북면 성지리 555-4📆예약문의👉www.u-on.co.kr/⏰체크인 : PM 15:00⏰체크아웃 : AM 11:00👉카페에서 얼리체크인/레이트 체크아웃 가능📍가격정보👉비수기 평일 기준 380,000원📸Photo by @jeong_invy seon_019————————————————— 전국 감성숙소는 #데일리감성경주로 떠난다면 #데일리감성_경주경상북도 여행은 #데일리감성_경북",2021-08-29,90,경주시(Gyeongju),"['#데일리감성경주로', '#데일리감성_경주경상북도', '#데일리감성_경북']",1630195200.0,https://scontent-ssn1-1.cdninstagram.com/v/t51.2885-15/e35/240944083_615850846064100_7546552474064246329_n.jpg?_nc_ht=scontent-ssn1-1.cdninstagram.com&_nc_cat=100&_nc_ohc=w8skvX1ZngQAX8BJDQ8&edm=AP_V10EBAAAA&ccb=7-4&oh=50addb937cc994e183435c4344ad583d&oe=6161C9FE&_nc_sid=4f375e
63,"제주_시재시재제주도 서쪽 한림 감성 숙소""시재시재""조용한 마을에 위치한 시재시재는제주도만의 감성이 느껴지는 숙소로한적하고 조용해 편안하게휴식을 취할 수 있어요 :)침실에는 침대와 작은테이블이 있고큰 유리창 앞으로 보이는한 그루의 나무는 마치 전시공간에온 듯한 느낌을 주어요.독채형 객실은 침실과 파우더룸욕실, 개별 테라스 공간으로 구성되어 있고조식서비스와 공용 다이닝으로이용 가능한 시재시재 카페가 있어요.시재시재 카페는오전 9시 ~ 10시에는 조식서비스를 제공하고오후 5시 ~ 10시까지는 공용 다이닝으로사용할 수 있답니다 :)매일 아침 정성껏 준비된 조식이 무료로 제공되며한식 및 양식 3가지 메뉴가 번갈아 제공됩니다.—————————————————🏡'제주 시재시재'🚩숙소위치👉제주시 한경면 조수2길 25📆예약문의👉www.instagram.com/sijaesijae_jeju/⏰체크인 : PM 17:00⏰체크아웃 : AM 11:00📍가격정보👉비수기 평일 기준 120,000원📸Photo by @dellimanjuo @ssen_iii @u.banjjak————————————————— 전국 감성숙소는 #데일리감성제주도로 떠난다면 #데일리감성_제주",2021-08-28,92,시재시재 時哉時哉,"['#데일리감성제주도로', '#데일리감성_제주']",1630108800.0,https://scontent-ssn1-1.cdninstagram.com/v/t51.2885-15/e35/240582550_264567798861369_8104217231480541981_n.jpg?_nc_ht=scontent-ssn1-1.cdninstagram.com&_nc_cat=109&_nc_ohc=-WyZD7SXqW4AX8-5yOs&edm=AP_V10EBAAAA&ccb=7-4&oh=bd760d3fc83e2e035148066560f55364&oe=616227DB&_nc_sid=4f375e
64,"대전_레반다스튜디오카페같은 세련된 감성 숙소""레반다스튜디오""대전의 조용한 주택단지 내작은 빌라에 위치하고 있는레반다 스튜디오1.5룸의 크기에 맞춰 1인 가구의미니멀 라이프를 제안하고직접 체험해 볼 수 있는 공간으로더치 모던을 베이스로한서유럽의 오리지널 빈티지 가구와조명들로 스타일링 되었어요 :)책꽂이에 꽂힌 책부터 조명과 의자식물까지 감성적이게 배치된 공간이너무나도 감성적이에요.세련되고 감각적인 공간에서미니멀 라이프를 체험하며감성적인 하루를 보내보세요 :)—————————————————🏡'대전 레반다스튜디오'🚩숙소위치👉대전광역시 서구 내동 26-31 201호📆예약문의👉www.airbnb.co.kr/rooms/45070234⏰체크인 : PM 15:00⏰체크아웃 : AM 11:00📍가격정보👉비수기 평일 기준 약 86,000원📸Photo by @peacefulday_ @sbdlmg @kst74760————————————————— 전국 감성숙소는 #데일리감성대전으로 떠난다면 #데일리감성_대전",2021-08-28,66,"Daejeon, South Korea","['#데일리감성대전으로', '#데일리감성_대전']",1630108800.0,https://scontent-ssn1-1.cdninstagram.com/v/t51.2885-15/e35/240719708_368218811586087_2315857122730788686_n.jpg?_nc_ht=scontent-ssn1-1.cdninstagram.com&_nc_cat=103&_nc_ohc=Q9eXEPr9gg4AX-SQuKg&edm=AP_V10EBAAAA&ccb=7-4&oh=e51c32b73f3e7a5a65f35a1f28e99b1d&oe=616181D9&_nc_sid=4f375e
65,"춘천_유유자적북한강을 바라보는 아름다운 숙소""유유자적""유유자적은 계절마다 반짝이는북한강을 바라보며적당한 온도의 미온수 수영장에서수영을 즐길 수 있어요.강이 보이는 따뜻한 욕조에 누워몸을 담가 그동안 쌓였던 피로를 푸세요 :)유유자적은 3개의 독채 객실로 준비되어 있어넓고 프라이빗한 공간에서 힐링을 할 수 있어요.주방에는 음식을 준비할 수 있는 시설과원목테이블이 있으며 냉장고 안에는조식까지 준비가 되어있어요.푹신한 침대에 누워서 이불을 덮고뷰를 바라보거나 영화를 보며 힐링을 해보세요 :)밤에는 바베큐장에서 고기파티를 즐기거나프라이빗한 노천탕에서 노천온천을 즐기며완벽한 힐링의 시간을 보내보세요 :)—————————————————🏡'춘천 유유자적'🚩숙소위치👉강원도 춘천시 서면 경춘로 768📆예약문의👉www.instagram.com/yu_yu_ja_jeok_/⏰체크인 : PM 15:00⏰체크아웃 : AM 11:00📍가격정보👉비수기 평일 삼동 기준 약 330,000원📸Photo by @yura_sense @hyyesun @hye_suuuk————————————————— 전국 감성숙소는 #데일리감성춘천으로 떠난다면 #데일리감성_춘천강원도 여행은 #데일리감성_강원",2021-08-27,78,Chuncheon,"['#데일리감성춘천으로', '#데일리감성_춘천강원도', '#데일리감성_강원']",1630022400.0,https://scontent-ssn1-1.cdninstagram.com/v/t51.2885-15/e35/240652294_898873567715760_7185321018053545128_n.jpg?_nc_ht=scontent-ssn1-1.cdninstagram.com&_nc_cat=100&_nc_ohc=Zbb3mabVIegAX_NP7Du&edm=AP_V10EBAAAA&ccb=7-4&oh=5ccf398ba4b490085c4236e5feb1c35e&oe=61612B8E&_nc_sid=4f375e
66,"남원_스테이리운현대적인 한옥을 만날 수 있는 신상 감성숙소""스테이리운""스테이리운은 전라북도 남원시 광한루원 앞에 위치한독채 한옥 숙소로전통과 현대적인 감각의 조화로 이루어진프라이빗한 공간이에요.사랑채와 본채 두 공간으로 구성되어 있고넓고 예쁜 거실에는 통창과 함께다도 체험을 할 수 있는 다도 도구들과차도 준비되어 있어요 :)전통과 현대의 조화를 이루며오롯이 쉼과 여유 그리고 비움을배우는 공간이 될 거에요.블루투스 스피커를 통해풍부한 음악 감상을 할 수 있고빔 프로젝터로 넷플릭스 및 올레TV시청도 가능해요.현대적인 독채 한옥숙소에서완전한 휴식과 여유를 느껴보세요 :)—————————————————🏡'남원 스테이리운'🚩숙소위치👉전라북도 남원👉정확한 위치는 예약 후 알려주십니다.📆예약문의👉www.airbnb.co.kr/rooms/49354174⏰체크인 : PM 16:00⏰체크아웃 : AM 11:00📍가격정보👉비수기 평일 기준 약 310,000원Photo by @yeonj_2 @pinybiny123————————————————— 전국 감성숙소는 #데일리감성전라북도 여행은 #데일리감성_전북",2021-08-27,87,Namwon,"['#데일리감성전라북도', '#데일리감성_전북']",1630022400.0,https://scontent-ssn1-1.cdninstagram.com/v/t51.2885-15/e35/240674206_320768286465601_2997230212115345006_n.jpg?_nc_ht=scontent-ssn1-1.cdninstagram.com&_nc_cat=101&_nc_ohc=zzVd7As6jwYAX_6GXP4&tn=GxWp9HkCHQ_cZ8OY&edm=AP_V10EBAAAA&ccb=7-4&oh=0dfcd42c3c01fcc818b28189fccf5560&oe=6161717E&_nc_sid=4f375e
67,"포항_모포집시골 어촌마을의 작은 집""모포집""모포집은 시골 어촌마을 모포리의작은 집입니다.일출 포인트와 낚시터, 스킨스쿠버 체험시설이집 앞에 바로 위치하고 있으며거실과 안방 통창으로 보이는바다뷰는 가슴이 뻥 뚫리는 느낌을 받아요 :)알록달록한 마을과 구룡포가한눈에 들어오는 뷰는감탄사가 절로 나옵니다.숙소는 우드와 화이트톤의 조화로예쁘게 꾸며진 독채로프라이빗하게 지낼 수 있어요.다용도룸에는 만화책과 컬러링북빔프로젝터, 보드게임 등 다양한 놀거리가 있어숙소에서만 하루를 보내도 충분합니다 :)모포집에서 뷰를 바라보며힐링의 시간을 즐겨보세요.—————————————————🏡'포항 모포집'🚩숙소위치👉경북 포항시 남구 장기면 모포길93번길 7📆예약문의👉www.airbnb.co.kr/rooms/44307317⏰체크인 : PM 16:00⏰체크아웃 : PM 12:00📍가격정보👉비수기 평일 기준 230,000원📸Photo by @been.e_————————————————— 전국 감성숙소는 #데일리감성포항으로 떠난다면 #데일리감성_포항#모포집 #포항모포집 #포항에어비앤비 #포항독채민박 #포항숙소추천 #포항감성숙소 #포항에어비엔비 #포항독채 #포항독채숙소 #포항숙소",2021-08-26,96,Pohang,"['#데일리감성포항으로', '#데일리감성_포항', '#모포집', '#포항모포집', '#포항에어비앤비', '#포항독채민박', '#포항숙소추천', '#포항감성숙소', '#포항에어비엔비', '#포항독채', '#포항독채숙소', '#포항숙소']",1629936000.0,https://scontent-ssn1-1.cdninstagram.com/v/t51.2885-15/e35/240615795_827553951260758_1045646353633869636_n.jpg?_nc_ht=scontent-ssn1-1.cdninstagram.com&_nc_cat=110&_nc_ohc=hdtwSGQt6L0AX9RJm8w&tn=GxWp9HkCHQ_cZ8OY&edm=AP_V10EBAAAA&ccb=7-4&oh=acc0c5e07d10e535792f35c27053c828&oe=6161F9D4&_nc_sid=4f375e
68,"영월_점숙씨영월의 가장 핫한 숙소""점숙씨""점숙씨는 빈티지 감성을가득 품은 공간으로영월 시내에서 떨어져독립적인 공간을 느낄 수 있는 독채 펜션이에요.내부는 앤틱한 가구와 소품들로가득채워져 있고 노래방 기계와LP판, 턴테이블이 있어서숙소 내에서도 즐길거리가 다양해요 :)간단한 음식을 만들어문 앞 자리에 앉아 브런치를 즐길수도 있고해먹에 누워서 쉬기에도 좋아요.숙소 내부에 커다란 창이 있는데그 밖으로 보이는 소나무 숲을 보며LP 음악을 감상하다보면이런 힐링이 따로 없네요 :)점숙씨는 대형 서점에서 조명 받지 못하는독립출판물을 응원하는 뜻으로다양한 독립 서적을 만나볼 수도 있어요.가까운 거리에 동강이 있어가볍게 산책하기에도 좋은 숙소랍니다 :)—————————————————🏡'영월 점숙씨'🚩숙소위치👉강원도 영월👉정확한 위치는 예약 후 알려주십니다.📆예약문의👉www.airbnb.co.kr/rooms/27474709⏰체크인 : PM 15:00⏰체크아웃 : AM 11:00📍가격정보👉비수기 평일 기준 약 200,000원📸Photo by @0hhyejin @dasol2646 @jjin_living————————————————— 전국 감성숙소는 #데일리감성영월로 떠난다면 #데일리감성_영월강원도 여행은 #데일리감성_강원 #점숙씨 #영월감성숙소 #강원도감성숙소 #영월숙소#영월에어비앤비 #강원도숙소추천 #강원도에어비앤비 #영월민박 #강원도영월여행",2021-08-26,90,Yeongwol,"['#데일리감성영월로', '#데일리감성_영월강원도', '#데일리감성_강원', '#점숙씨', '#영월감성숙소', '#강원도감성숙소', '#영월숙소', '#영월에어비앤비', '#강원도숙소추천', '#강원도에어비앤비', '#영월민박', '#강원도영월여행']",1629936000.0,https://scontent-ssn1-1.cdninstagram.com/v/t51.2885-15/e35/240596412_3072879436304006_1962864724486657883_n.jpg?_nc_ht=scontent-ssn1-1.cdninstagram.com&_nc_cat=102&_nc_ohc=PZ2gq-Cpbi8AX8KbPH2&tn=GxWp9HkCHQ_cZ8OY&edm=AP_V10EBAAAA&ccb=7-4&oh=c7b7d9b22494ec13093e89c83443d20b&oe=616189D4&_nc_sid=4f375e
69,"#남해_몽도몽유자적 마음 한철 머무는 북스테이""황남채""게스트하우스 몽도는책을 좋아하는 이들이 찾는 북스테이로기자 출신 부부 사장님이 귀촌해꾸며 책 읽기에 딱 좋은 숙소입니다.공용 거실로 사용하는 공간에는책 2000여 권이 빼곡하게 꽂혀있고문학 관련책이 많아요 :)몽도의 공간으로는방란장(별채)은 책과 음악, 이야기가 있는 살롱이고다스림(숙박채)은 마음까지 다독다독 다스리는 잠자리입니다.뜬구름사진관(마당)은오픈 스튜디오로 사진찍기에 최적화된 장소이고망명월(옥상)에서는바람과 함께 밝은 달을 바라볼 수 있어요 :)—————————————————🏡'남해 몽도'🚩숙소위치👉경남 남해군 삼동면 동부대로 1340번길 60📆예약문의👉map.naver.com/v5/entry/place/1221231796⏰체크인 : PM 16:00⏰체크아웃 : AM 11:00📍가격정보👉비수기 평일 2인 기준 50,000원📸Photo by @_gelucke8om_ @2021_05_26————————————————— 전국 감성숙소는 #데일리감성남해로 떠난다면 #데일리감성_남해경상남도 여행은 #데일리감성_경남#몽도#몽도게스트하우스#남해북스테이#남해감성숙소#남해감성여행#남해숙소추천#남해숙소#경남감성숙소#남해게스트하우스#감성숙소추천",2021-08-22,25,몽도,"['#남해_몽도몽유자적', '#데일리감성남해로', '#데일리감성_남해경상남도', '#데일리감성_경남', '#몽도', '#몽도게스트하우스', '#남해북스테이', '#남해감성숙소', '#남해감성여행', '#남해숙소추천', '#남해숙소', '#경남감성숙소', '#남해게스트하우스', '#감성숙소추천']",1629590400.0,https://scontent-ssn1-1.cdninstagram.com/v/t51.2885-15/e35/239681104_386815989498367_2267956621297212656_n.jpg?_nc_ht=scontent-ssn1-1.cdninstagram.com&_nc_cat=107&_nc_ohc=BpZGqGu2EWMAX9JB8b1&tn=GxWp9HkCHQ_cZ8OY&edm=AP_V10EBAAAA&ccb=7-4&oh=503d86e39034fecefcb2f414360490eb&oe=6161E7B4&_nc_sid=4f375e
70,"#경주_황남채머무는 것 자체로 여행이 되는 한옥스테이""황남채""천년의 고도 경주 황리단길에 위치한프리미엄 한옥스테이 한옥채는30년이 지난 한옥을전통구조의 현대식 재단장을 통해과거와 현재가 공존하는 곳으로 만들었습니다.한옥 특유의 감성에현대적인 요소를 접목한새로운 개념의 숙소입니다.전통의 가치와 현대의 편리함이공존하는 한옥 속에서여유를 느끼며 편안함을 누려보세요 :)황남채는 황남동 한옥마을 황리단길 메인이며한옥이 주는 편안함과 동시에집 전체가 마치 카페인 듯한 착각도 들어요.다양한 관광지가 걸어서 투어가 가능하며숙소 주위에는 핫플레이스도 밀집해 있습니다.창문을 열고 펼쳐지는 전통 기와지붕과아름다운 황리단길의 경관도 감상해보세요 :)—————————————————🏡'경주 황남채'🚩숙소위치👉경북 경주시 손효자길 7-8📆예약문의👉www.airbnb.co.kr/rooms/44301441⏰체크인 : PM 15:00⏰체크아웃 : AM 11:00📍가격정보👉비수기 평일 기준 약 180,000원📸Photo by @celia.amour @dokyomii————————————————— 전국 감성숙소는 #데일리감성경주로 떠난다면 #데일리감성_경주경상북도 여행은 #데일리감성_경북#황남채#경주황남채#경주한옥게스트하우스#경주숙소추천#경주감성숙소#경주감성숙소추천#경주한옥숙소#경주한옥스테이#감성숙소추천",2021-08-22,31,경주 황리단길,"['#경주_황남채머무는', '#데일리감성경주로', '#데일리감성_경주경상북도', '#데일리감성_경북', '#황남채', '#경주황남채', '#경주한옥게스트하우스', '#경주숙소추천', '#경주감성숙소', '#경주감성숙소추천', '#경주한옥숙소', '#경주한옥스테이', '#감성숙소추천']",1629590400.0,https://scontent-ssn1-1.cdninstagram.com/v/t51.2885-15/e35/240331939_3767984606634450_7896655318084548646_n.jpg?_nc_ht=scontent-ssn1-1.cdninstagram.com&_nc_cat=106&_nc_ohc=kf_M5GGvEmoAX9WFQ2y&tn=GxWp9HkCHQ_cZ8OY&edm=AP_V10EBAAAA&ccb=7-4&oh=c0fd08e2a93997a6f682cecce05a666c&oe=6161473C&_nc_sid=4f375e
71,"#제주_라피아하우스숲속 동화마을 작은 오두막""라피아하우스""라피아하우스는 독채 풀빌라로이국적인 별장느낌의7개의 독채로 구성되어 있어요.'라피아'는 숲 속의 요정이 살고있는즐겁고 아늑한 공간이라는 뜻이라고해요.곳곳에 심어진 야자수와 돌담이 어우러져머무는 동안 제주의 자연과 여유를 느낄 수 있고마당에 마련된 테라스에서는바닷바람과 새소리를 들으며아침을 맞이할 수 있어요 :)밤에는 밤하늘이 보이는 2층 다락방에서분위기있는 시간을 보낼 수 있고독채 내부에는 개별 잔디마당과수영장이 있어 즐길거리가 많아요.—————————————————🏡'제주 라피아하우스'🚩숙소위치👉제주시 한림읍 옹포2길 37-91📆예약문의👉booking.naver.com/booking/3/bizes/488474⏰체크인 : PM 15:00⏰체크아웃 : AM 11:00📍가격정보👉비수기 평일 기준 약 210,000원📸Photo by @eun.nee_o.o hs___phs————————————————— 전국 감성숙소는 #데일리감성제주도로 떠난다면 #데일리감성_제주#라피아하우스#제주라피아하우스#제주감성숙소#제주감성숙소추천#제주감성숙박#한림감성숙소#제주도감성숙소#제주도감성숙소추천#감성숙소추천",2021-08-21,26,제주도 Jeju Island,"['#제주_라피아하우스숲속', '#데일리감성제주도로', '#데일리감성_제주', '#라피아하우스', '#제주라피아하우스', '#제주감성숙소', '#제주감성숙소추천', '#제주감성숙박', '#한림감성숙소', '#제주도감성숙소', '#제주도감성숙소추천', '#감성숙소추천']",1629504000.0,https://scontent-ssn1-1.cdninstagram.com/v/t51.2885-15/e35/239610596_560307895280957_7432201936927635127_n.jpg?_nc_ht=scontent-ssn1-1.cdninstagram.com&_nc_cat=105&_nc_ohc=w8ZG9XR0I1IAX843RCy&tn=GxWp9HkCHQ_cZ8OY&edm=AP_V10EBAAAA&ccb=7-4&oh=87d03876f7b5dda062b020a9a86a45fa&oe=6160ED86&_nc_sid=4f375e
72,"#양양_하조델리앤스테이서피비치 아늑한 감성숙소""하조델리 앤 스테이""하조델리 앤 스테이는80년대 하조대의 명동이라 불리던'조준길'에 위치한 민박집을개조한 숙소로 정겨운 바닷가 마을민박집의 모습을 유지하고 있어요 :)대형견 맹고가 살고있으며카페 '하조델리'와 함께 운영되고 있어요.깨끗하고 모래가 고운 하조대 바다가걸어서 2분거리이고서피비치까지도 도보로 15분 걸리는 곳에위치하고 있어 서핑하러 오신분들이묶으시기에도 좋은 숙소에요.주변에 하조대, 하조대 전망대, 하조대 둘레길 등관광지가 많고 맛집, 식당들도 다양한바다마을로 하조대와 양양을 충분히즐겨보실 수 있답니다 :)바닷가에서 사용할 수 있는바닥 깔개와 비치 의자, 튜브등을숙소에서 대여할 수 있습니다.—————————————————🏡'양양 하조델리앤스테이'🚩숙소위치👉강원도 양양군 현북면 조준길 26📆예약문의👉www.airbnb.co.kr/rooms/35961871⏰체크인 : PM 15:00⏰체크아웃 : AM 11:00📍가격정보👉비수기 평일 기준 약 220,000원📸Photo by @1_0._.12 @joohee_bbang@leelee.with.leo————————————————— 전국 감성숙소는 #데일리감성양양으로 떠난다면 #데일리감성_양양강원도 숙소는 #데일리감성_강원#하조델리앤스테이#양양감성숙소#감성숙소#양양숙소추천#양양에어비앤비#서피비치숙소#서피비치근처숙소#강원도감성숙소#감성숙소추천",2021-08-21,31,하조델리,"['#양양_하조델리앤스테이서피비치', '#데일리감성양양으로', '#데일리감성_양양강원도', '#데일리감성_강원', '#하조델리앤스테이', '#양양감성숙소', '#감성숙소', '#양양숙소추천', '#양양에어비앤비', '#서피비치숙소', '#서피비치근처숙소', '#강원도감성숙소', '#감성숙소추천']",1629504000.0,https://scontent-ssn1-1.cdninstagram.com/v/t51.2885-15/e35/239296864_217138633701970_374343745311152524_n.jpg?_nc_ht=scontent-ssn1-1.cdninstagram.com&_nc_cat=110&_nc_ohc=pWJF2LOxl28AX9OrM-g&edm=AP_V10EBAAAA&ccb=7-4&oh=afc0e9a3e3058f44bd87d65d1e9294d5&oe=6160FD80&_nc_sid=4f375e
73,"#춘천_동주프라이빗한 한옥 독채 숙소""동주""하루에 오직 한 팀만 받는프라이빗한 숙소 동주는낯선 사람들과의 교류보다는혼자만의 시간 또는 우리들만의 시간을중요하게 생각하시는 분들을 환영합니다 :)춘천 시내에 위치한 40년 된 한옥을직접 개조하여 만든 공간으로한옥 특유의 고즈넉한 분위기와편리한 입식 생활양식의 조화가 특징이에요.윤동주 시인의 흔적들과 잔잔한 음악곳곳에 있는 책들과 함께따뜻한 추억을 간직해보세요.—————————————————🏡'춘천 동주'🚩숙소위치👉강원도 춘천시 효자2동👉정확한 위치는 예약 완료 후 표시됩니다.📆예약문의👉www.airbnb.co.kr/rooms/23046152⏰체크인 : PM 15:00⏰체크아웃 : AM 11:00📍가격정보👉비수기 평일 기준 약 100,000원📸Photo by @2suziholihoi @juuuuheeee @k.yejin0930————————————————— #춘천동주#감성숙소_강원도#감성숙소_강원#감성숙소추천#독채숙소추천#춘천독채#춘천독채게스트하우스#춘천독채숙소#춘천감성숙소#춘천에어비엔비#춘천에어비앤비추천#데일리감성#데일리감성_춘천",2021-08-21,26,Chuncheon,"['#춘천_동주프라이빗한', '#춘천동주', '#감성숙소_강원도', '#감성숙소_강원', '#감성숙소추천', '#독채숙소추천', '#춘천독채', '#춘천독채게스트하우스', '#춘천독채숙소', '#춘천감성숙소', '#춘천에어비엔비', '#춘천에어비앤비추천', '#데일리감성', '#데일리감성_춘천']",1629504000.0,https://scontent-ssn1-1.cdninstagram.com/v/t51.2885-15/e35/239718020_163712182541968_9079065605379378831_n.jpg?_nc_ht=scontent-ssn1-1.cdninstagram.com&_nc_cat=104&_nc_ohc=tNiLZVV6_WYAX9B-o4V&edm=AP_V10EBAAAA&ccb=7-4&oh=65e67891f95b0bc8162053ee00190228&oe=6161D27D&_nc_sid=4f375e
74,"#장흥_무무라자연의 향기 가득한 힐링공간""무무라""물이 졸졸흐르고바람이 솔솔불고나뭇잎이 하늘거리는자연의 향기를 느껴보세요 :)감성을 담은 모던한 느낌의 힐링공간으로아래층은 거실과 주방, 욕실복층은 넓은 침실공간으로 이루어져있습니다.탐진강의 수변로를 따라산책을 하거나 자전거데이트도 가능해요.단독으로 사용하는프라이빗한 숙소로지중해풍 전원주택입니다.정남진토요시장과 편백숲 우드랜드도가까워 관광지 구경도 가능해요.—————————————————🏡'장흥 무무라'🚩숙소위치👉전남 장흥군 장흥읍 평화신기1길 71📆예약문의👉www.airbnb.co.kr/rooms/49604751⏰체크인 : PM 14:00⏰체크아웃 : AM 11:00📍가격정보👉나무객실 평일 1인기준 : 65,000원👉하늘객실 평일 2인기준 : 120,000원👉바람객실 평일 2인기준 : 100,000원📸Photo by @sseull_adorable @lee_soonmi—————————————————#감성숙소 #무무라 #감성숙소_전라남도 #감성숙소추천 #감성스테이 #독채스테이 #독채숙소 #독채숙소추천 #감성펜션 #감성펜션추천 #장흥숙소 #장흥숙소추천 #전남감성숙소 #전남감성숙소추천 #데일리감성 #데일리감성_전남",2021-08-20,21,장흥,"['#장흥_무무라자연의', '#감성숙소', '#무무라', '#감성숙소_전라남도', '#감성숙소추천', '#감성스테이', '#독채스테이', '#독채숙소', '#독채숙소추천', '#감성펜션', '#감성펜션추천', '#장흥숙소', '#장흥숙소추천', '#전남감성숙소', '#전남감성숙소추천', '#데일리감성', '#데일리감성_전남']",1629417600.0,https://scontent-ssn1-1.cdninstagram.com/v/t51.2885-15/e35/239851611_225552449497773_986493137993705748_n.jpg?_nc_ht=scontent-ssn1-1.cdninstagram.com&_nc_cat=109&_nc_ohc=cl9rWP7MyWUAX8hYnLE&edm=AP_V10EBAAAA&ccb=7-4&oh=b61ecac937849d786f7b0a278bf0aec7&oe=6161FA83&_nc_sid=4f375e
75,"#제주_월림차경@daily_gamsung자쿠지가 있는 나만의 독채 민박""제주 월림차경""제주 자연 속에서 머무는 동안예쁜 것들만 가득 담으며시간의 흐름을 거스르지 않고인생의 쉼표 하나를 찍을 수 있는 공간자쿠지는 온수 무제한으로 사용이 가능하고프라이빗한 마당이 있어서 쉬기에도 좋아요!기본 조미료가 구비되어 있어음식 조리도 가능합니다빔프로젝터가 있어 넷플릭스나 유튜브 등영상 시청을 할 수 있어요!주변이 시끄럽고 복잡하지 않아서조용한 숙소를 찾으시는 분들에게좋은 선택이 될 거에요!—————————————————🏡'제주 월림차경'🚩숙소위치👉제주시 한림읍 월림5길 17📆예약문의👉010-2809-7789⏰체크인 : PM 16:00⏰체크아웃 : AM 11:00📍가격정보👉기준인원 2명 최대인원 4명 기준 👉20-25만원대📸Photo by @bela_000000 @yoonkisook————————————————— #월림차경#제주월림차경#제주민박집#제주감성숙박#제주예쁜독채#제주예쁜집#제주예쁜민박#제주도감성숙소추천#제주도감성민박#제주도감성여행#제주도감성숙박#제주도감성게스트하우스추천#제주도감성스테이#제주도숙소강추#데일리감성#데일리감성_제주",2021-08-19,26,제주도 Jeju Island,"['#제주_월림차경@daily_gamsung자쿠지가', '#월림차경', '#제주월림차경', '#제주민박집', '#제주감성숙박', '#제주예쁜독채', '#제주예쁜집', '#제주예쁜민박', '#제주도감성숙소추천', '#제주도감성민박', '#제주도감성여행', '#제주도감성숙박', '#제주도감성게스트하우스추천', '#제주도감성스테이', '#제주도숙소강추', '#데일리감성', '#데일리감성_제주']",1629331200.0,https://scontent-ssn1-1.cdninstagram.com/v/t51.2885-15/e35/239186156_180352657393938_3113235241051125494_n.jpg?_nc_ht=scontent-ssn1-1.cdninstagram.com&_nc_cat=106&_nc_ohc=1Hnkl3DqW2oAX-doBL6&edm=AP_V10EBAAAA&ccb=7-4&oh=2bd2e1674817254d99ad8199013f9175&oe=616085A8&_nc_sid=4f375e
76,"#춘천_펜션혜원@daily_gamsung달 아래 정인이 거니는 정원""춘천 펜션혜원""혜원 신윤복의 그림과 호를 따서지어진 펜션혜원은컨테이너 18개로 이루어진 거주용 건축물로외관부터 감성적이에요.나무와 바위가 어우러진 중정과도시적인 컨테이너의 조화는사진찍기에 더할나위없이좋은 공간입니다.탁 트인 조망과홍천강을 인접한 뷰를 보며답답한 마음을 날려버리고각 객실 별 독립 정원에서안락한 휴식을 취하며힐링하는 시간을 가져보세요!—————————————————🏡'춘천 펜션혜원'🚩숙소위치👉강원 춘천시 남산면 홍천강변길 354-2📆예약문의👉map.naver.com/v5/entry/place/38414741📞010-8584-8958⏰체크인 : PM 15:00⏰체크아웃 : AM 11:00📍가격정보👉비수기 평일 기준 : 250,000원📍조식제공, 와이파이, 독채, 복층, 개별바베큐📍2인실, 침대방, 워터파크, 스키장, 신축📸Photo by ovo7532 @lxxhxxy————————————————— #펜션혜원#춘천펜션혜원#춘천펜션추천#춘천펜션전경#춘천감성숙소#춘천감성펜션#춘천감성여행#춘천숙소추천#강원도감성숙소#강원도감성펜션#강원도감성독채펜션#춘천독채#춘천독채펜션#데일리감성#데일리감성_춘천#데일리감성_강원",2021-08-19,23,Chuncheon,"['#춘천_펜션혜원@daily_gamsung달', '#펜션혜원', '#춘천펜션혜원', '#춘천펜션추천', '#춘천펜션전경', '#춘천감성숙소', '#춘천감성펜션', '#춘천감성여행', '#춘천숙소추천', '#강원도감성숙소', '#강원도감성펜션', '#강원도감성독채펜션', '#춘천독채', '#춘천독채펜션', '#데일리감성', '#데일리감성_춘천', '#데일리감성_강원']",1629331200.0,https://scontent-ssn1-1.cdninstagram.com/v/t51.2885-15/e35/239598190_427386448611270_3363093512502703215_n.jpg?_nc_ht=scontent-ssn1-1.cdninstagram.com&_nc_cat=106&_nc_ohc=-2xAltT91EoAX9Hv28p&edm=AP_V10EBAAAA&ccb=7-4&oh=e33e8d293b24748ad0650b396a39aef3&oe=61613861&_nc_sid=4f375e
77,"#서울_서촌여느날@daily_gamsung서촌에서 누리는 보통의 하루""서촌 여느날""여느날은 옛 모습을 고스란히 간직한매력적인 동네인 서촌에 위치한한옥스테이입니다.평소와 다름없는 여느날이지만따스한 온기가 가득하길 바라는 공간이에요.조용히 누워 천장의 서까래를 바라보며여유를 느껴보고 한옥이 주는 특유의 안정감있는분위기속에서 편안한 휴식을 취해보세요.옛것으로 낯설게 느껴질 수 있는 한옥을익숙하고 친근하게 새단장했으며다양한 느낌을 받을 수 있게 연출하였어요.종로구 서촌에 위치하고 있어근처에 먹자골목과 다양한 음식점이 있어요!—————————————————🏡'서촌 여느날'🚩숙소위치👉서울 종로구 자하문로1길 49-9📆예약문의👉www.stayfolio.com/findstay/usualday⏰체크인 : PM 16:00⏰체크아웃 : AM 11:00📍가격정보👉비수기 평일 기준 : 250,000원📸Photo by @seon_316————————————————— #여느날#서촌여느날#서촌숙소#서촌숙소추천#서촌감성숙소#서촌감성#종로감성숙소#서울여행숙소#서울감성숙소#서울감성숙소추천#서울숙소추천#서울에어비앤비추천#서울에어비엔비#감성에어비앤비#감성에어비엔비#감성숙소추천#서울예쁜숙소#감성숙소_서울#데일리감성#데일리감성_서울",2021-08-18,19,서촌,"['#서울_서촌여느날@daily_gamsung서촌에서', '#여느날', '#서촌여느날', '#서촌숙소', '#서촌숙소추천', '#서촌감성숙소', '#서촌감성', '#종로감성숙소', '#서울여행숙소', '#서울감성숙소', '#서울감성숙소추천', '#서울숙소추천', '#서울에어비앤비추천', '#서울에어비엔비', '#감성에어비앤비', '#감성에어비엔비', '#감성숙소추천', '#서울예쁜숙소', '#감성숙소_서울', '#데일리감성', '#데일리감성_서울']",1629244800.0,https://scontent-ssn1-1.cdninstagram.com/v/t51.2885-15/e35/238812235_228650022515542_6188663978045750044_n.jpg?_nc_ht=scontent-ssn1-1.cdninstagram.com&_nc_cat=110&_nc_ohc=40BIxB-FU9kAX-7RHG8&edm=AP_V10EBAAAA&ccb=7-4&oh=48c0a10dea389964b6146264fea460f5&oe=6161757C&_nc_sid=4f375e
78,"#제주_청수리오즈네@daily_gamsung제주 서쪽 감성숙소""제주 청수리오즈네""청수리 오즈네는제주 서쪽 감귤 과수원과반딧불이로 유명한 청수리에 위치한조용한 시골 주택이에요.직접만드신 가구로 객실을 채웠고9평 규모의 원룸형으로작은 주방과 욕실로 구성되어 있어요.창 밖으로는 300평의 과수원과넓은 옥수수밭이 펼쳐져있고매일 밤 서쪽 노을과별을 구경할 수 있어요!조식은 연어 스테잌, 가라아케2가지 메뉴 중 한 가지를맛볼 수 있어요.80인치 빔 프로젝터를 이용하여넷플릭스, 웨이브, 유튜브 프리미엄, 고전 게임 등을 다양하게 즐길 수 있어요!—————————————————🏡'제주 청수리 오즈네'🚩숙소위치👉제주시 한경면 청수동9길 9📆예약문의👉www.airbnb.co.kr/rooms/30629416📞010-6337-9559⏰체크인 : PM 16:00⏰체크아웃 : AM 11:00📍가격정보👉비수기 평일 2박 기준 : 370,000원📸Photo by @hyeon__j_v @yeah_lini—————————————————#청수리오즈네#제주청수리오즈네#제주청수리#제주감성숙소추천#제주감성숙박#제주서쪽게스트하우스#제주서쪽민박#제주예쁜독채#제주예쁜집#제주예쁜민박#제주에어비앤비추천#제주에어비엔비#감성에어비앤비추천#감성에어비엔비#감성숙소추천#감성숙소#감성숙소_제주#데일리감성#데일리감성_제주",2021-08-18,13,청수리오즈네,"['#제주_청수리오즈네@daily_gamsung제주', '#청수리오즈네', '#제주청수리오즈네', '#제주청수리', '#제주감성숙소추천', '#제주감성숙박', '#제주서쪽게스트하우스', '#제주서쪽민박', '#제주예쁜독채', '#제주예쁜집', '#제주예쁜민박', '#제주에어비앤비추천', '#제주에어비엔비', '#감성에어비앤비추천', '#감성에어비엔비', '#감성숙소추천', '#감성숙소', '#감성숙소_제주', '#데일리감성', '#데일리감성_제주']",1629244800.0,https://scontent-ssn1-1.cdninstagram.com/v/t51.2885-15/e35/239838307_3024293691180910_4649175373062846953_n.jpg?_nc_ht=scontent-ssn1-1.cdninstagram.com&_nc_cat=110&_nc_ohc=iuH7KpnkDyQAX9_ET-n&edm=AP_V10EBAAAA&ccb=7-4&oh=1757de55e9b61d9a01733ad55fa5dc71&oe=61605C0F&_nc_sid=4f375e
79,"#영도_청학소담@daily_gamsung일상에 지친 여행객들에게위안을 주는 공간""영도 청학소담""부산 감성숙소로 널리 알려진청학소담은 99계단을 올라가야만날 수 있으며 높은 곳에 위치하고 있어그만큼 환상적인 뷰를 느낄 수 있어요!영도가 한눈에 내리는 뷰를 보고있으면답답한 마음이 뻥 뚫리는 느낌이 들고내부 인테리어도 감성적이며음악과 스피커까지 완벽합니다.큰 채와 작은 채로 나뉘어하루에 한 팀만 받고있어조용하게 힐링하고 오기에 좋아요.작은채에서 이용할 수 있는야외욕조는 유리창이 있어반신욕을 즐기면서시티뷰를 감상할 수 있어요!—————————————————🏡'영도 청학소담'🚩숙소위치👉부산 영도구 하나길 803👉정확한 주소는 예약자에게만 공개됩니다.📆예약문의👉www.airbnb.co.kr/rooms/43573541📞051-514-7529⏰체크인 : PM 16:00⏰체크아웃 : AM 11:00📍가격정보👉비수기 평일 작은채 기준 : 155,000원📸Photo by @mindo95 @seon_6.18—————————————————#청학소담#영도청학소담#부산청학소담#영도숙소#영도감성숙소#영도숙소추천#부산감성숙소#부산감성펜션#부산숙소#부산숙소추천#부산숙소이쁜곳#부산숙소정보#부산숙소뷰#부산숙소예쁜방#부산에어비엔비#부산에어비앤비추천#영도에어비앤비#영도에어비엔비#감성에어비앤비#감성에어비엔비#감성숙소추천#감성숙소#감성숙소_부산#데일리감성#데일리감성_영도#데일리감성_부산",2021-08-18,20,영도,"['#영도_청학소담@daily_gamsung일상에', '#청학소담', '#영도청학소담', '#부산청학소담', '#영도숙소', '#영도감성숙소', '#영도숙소추천', '#부산감성숙소', '#부산감성펜션', '#부산숙소', '#부산숙소추천', '#부산숙소이쁜곳', '#부산숙소정보', '#부산숙소뷰', '#부산숙소예쁜방', '#부산에어비엔비', '#부산에어비앤비추천', '#영도에어비앤비', '#영도에어비엔비', '#감성에어비앤비', '#감성에어비엔비', '#감성숙소추천', '#감성숙소', '#감성숙소_부산', '#데일리감성', '#데일리감성_영도', '#데일리감성_부산']",1629244800.0,https://scontent-ssn1-1.cdninstagram.com/v/t51.2885-15/e35/238673023_306584371157439_3376999898810933748_n.jpg?_nc_ht=scontent-ssn1-1.cdninstagram.com&_nc_cat=103&_nc_ohc=MdrFdMZjpbwAX_5ruaC&tn=GxWp9HkCHQ_cZ8OY&edm=AP_V10EBAAAA&ccb=7-4&oh=0a22c708d4bdeba3a84ce42712eb2937&oe=61618385&_nc_sid=4f375e
80,"#청주_메이킷슬로우@daily_gamsung오고가는 잔잔한 대화 속채워지는 따뜻한 마음""청주 메이킷슬로우""메이킷슬로우는 신상 감성숙소로청주의 중심가에 위치하고있어요.현관부터 ㄱ자 구조로작은 서재, 쇼파가 있는 거실큰 식탁이 있는 주방이 모두이어져 있는 스튜디오입니다.내부는 이곳저곳 사장님의 센스가가득한 인테리어로 꾸며져있고빔 프로젝터가 구비되어 있어넷플릭스나 유튜브 등 큰 화면으로즐길 수가 있어요!책도 다양하게 비취되어 있어조용하게 독서를 하며 힐링을 하기에도 좋아요!—————————————————🏡'청주 메이킷슬로우'🚩숙소위치👉청주시 상당구 사직대로 361번길 41-1 3층📆예약문의👉www.instagram.com/makitslow/⏰체크인 : PM 15:00⏰체크아웃 : AM 11:00📍가격정보👉비수기 평일 기준 : 210,000원📸Photo by @do_jun_world @with_rosina—————————————————#메이킷슬로우#청주메이킷슬로우#청주감성숙소#청주감성#청주숙소#청주숙소추천#청주여행지#감성에어비앤비#감성에어비엔비#감성숙소추천#감성숙소#감성숙소_청주#청주감성스튜디오#데일리감성#데일리감성_청주#데일리감성_충북",2021-08-17,14,청주시,"['#청주_메이킷슬로우@daily_gamsung오고가는', '#메이킷슬로우', '#청주메이킷슬로우', '#청주감성숙소', '#청주감성', '#청주숙소', '#청주숙소추천', '#청주여행지', '#감성에어비앤비', '#감성에어비엔비', '#감성숙소추천', '#감성숙소', '#감성숙소_청주', '#청주감성스튜디오', '#데일리감성', '#데일리감성_청주', '#데일리감성_충북']",1629158400.0,https://scontent-ssn1-1.cdninstagram.com/v/t51.2885-15/e35/238151036_364289698614271_2110115924028571701_n.jpg?_nc_ht=scontent-ssn1-1.cdninstagram.com&_nc_cat=107&_nc_ohc=yAPuqtwFyTsAX9FClN7&edm=AP_V10EBAAAA&ccb=7-4&oh=03a2aea1c440549469f0896dad01a8b3&oe=616176AD&_nc_sid=4f375e
81,"#밀양_제니의집@daily_gamsung할머니집처럼 포근하고감성적인 느낌의 게스트하우스""밀양 제니의집""자그마한 정원을 예쁘게 꾸며놓은제니의집은 봄,여름,가을,겨울4계절 모두 각각의 매력을느낄 수 있는 감성적인 게스트하우스에요.하루에 1팀만 받을 수 있기에프라이빗하게 사용이 가능하며2인부터 최대 5인까지 사용이 가능해요.내부 인테리어는 다양한 소품과 그림들로아기자기하게 꾸며져있어아늑하면서도 감성적인 느낌이에요.예전 시골집같은 느낌의 숙소에서온전한 힐링을 느낄 수 있어요!—————————————————🏡'밀양 제니의집'🚩숙소위치👉경남 밀양시 상동면 구곡길 86-1📆예약문의👉booking.naver.com/3/booking/  svc/29830/resoc/1906037👉010-2052-2343 전화, 문자 예약⏰체크인 : PM 15:00⏰체크아웃 : PM 12:00📍가격정보👉비수기 평일 2인 기준 : 100,000📸Photo by @1ike42 @hyeon_doii @yuri.jeon.733—————————————————#제니의집#밀양제니의집#밀양감성숙소#밀양감성민박#밀양감성숙소추천#밀양숙소#밀양숙소추천#밀양숙박#밀양에어비앤비#밀양에어비엔비#경남감성숙소#밀양여행추천#감성숙소추천#감성숙소_밀양#데일리감성#데일리감성_밀양#데일리감성_경남",2021-08-17,12,밀양,"['#밀양_제니의집@daily_gamsung할머니집처럼', '#제니의집', '#밀양제니의집', '#밀양감성숙소', '#밀양감성민박', '#밀양감성숙소추천', '#밀양숙소', '#밀양숙소추천', '#밀양숙박', '#밀양에어비앤비', '#밀양에어비엔비', '#경남감성숙소', '#밀양여행추천', '#감성숙소추천', '#감성숙소_밀양', '#데일리감성', '#데일리감성_밀양', '#데일리감성_경남']",1629158400.0,https://scontent-ssn1-1.cdninstagram.com/v/t51.2885-15/e35/238167106_372069627817616_6415711546432474098_n.jpg?_nc_ht=scontent-ssn1-1.cdninstagram.com&_nc_cat=108&_nc_ohc=pyqNP7nDulcAX-jomg4&tn=GxWp9HkCHQ_cZ8OY&edm=AP_V10EBAAAA&ccb=7-4&oh=f56f7ff97fd8d462ff2ea9a98ca24a75&oe=616133A8&_nc_sid=4f375e
82,"#전주_안노이에@daily_gamsung1930년대 적산가옥을현대적인 감각으로 재해석한""전주 안노이에""🏡1930년대의 적산가옥을 재해석해고즈넉한 옛스럼움과 현대적인 느낌이자연스럽게 조화를 이루고 있어요.실내에는 식물이 가득하고모든 창살을 얇게 구현하여시원한 개방감을 느낄 수 있어요.주변엔 객사와 객리단길이 인접해있어볼거리, 먹을거리, 즐길거리가 풍부하고전주 한옥마을까지 도보로 갈 수 있어접근성도 매우 좋아요.주차공간은 제공되지 않으니참고하시길 바래요!—————————————————🏡'전주 안노이에'🚩숙소위치👉전라북도 전주시👉정확한 위치는 예약완료 후에 표시됩니다.📆예약문의👉www.airbnb.co.kr/rooms/39680220⏰체크인 : PM 15:00⏰체크아웃 : AM 11:00📍가격정보👉비수기 평일 기준 : 240,000📸Photo by @yerami91 @y._.jae @_hy_dong—————————————————#안노이에#전주안노이에#전주감성숙소#전주감성#전주감성숙소추천#전주감성스테이#전주감성여행#전주감성한옥#전주한옥숙소#전주숙소추천#전주여행숙소#감성숙소_전주#데일리감성#데일리감성_전주#데일리감성_전북",2021-08-16,19,Jeonju,"['#전주_안노이에@daily_gamsung1930년대', '#안노이에', '#전주안노이에', '#전주감성숙소', '#전주감성', '#전주감성숙소추천', '#전주감성스테이', '#전주감성여행', '#전주감성한옥', '#전주한옥숙소', '#전주숙소추천', '#전주여행숙소', '#감성숙소_전주', '#데일리감성', '#데일리감성_전주', '#데일리감성_전북']",1629072000.0,https://scontent-ssn1-1.cdninstagram.com/v/t51.2885-15/e35/237727384_549722226171298_6709695316114048027_n.jpg?_nc_ht=scontent-ssn1-1.cdninstagram.com&_nc_cat=110&_nc_ohc=8DDp8CkPTmsAX8SSm9h&edm=AP_V10EBAAAA&ccb=7-4&oh=e48323dd3d2cae669840b5643f2965a0&oe=6161E29E&_nc_sid=4f375e
